value,productivity,cost,area,predicted_value
-0.3175752443425337,-0.4420592492598872,-0.3801812739250919,-0.4904526529213734,-0.31477768457386235
-0.3157565519474224,-0.4418663148317813,-0.3799742544918826,-0.4904469813502162,-0.3147577102875754
-0.3157565519474224,-0.4412772828488567,-0.3799358642710163,-0.4904398434255412,-0.31473241318794654
-0.3157565519474224,-0.4405151565612863,-0.3794095227085578,-0.4904317076105016,-0.3146724228408965
-0.3157565519474224,-0.440501896076749,-0.3790287046095992,-0.490420717596105,-0.31464836503412497
-0.3153729731877262,-0.4402703046332943,-0.3788145250773971,-0.4904051907074385,-0.31462505235001925
-0.3152463260627576,-0.4400578737787618,-0.3785130962448629,-0.4903914663449593,-0.31459770698987355
-0.3150109475862688,-0.4394733702761494,-0.378466903146581,-0.4903863879938931,-0.31457243984582095
-0.3147645511405791,-0.4388798435249307,-0.3784159764452099,-0.4903721222608848,-0.31454518189744773
-0.3144338665691596,-0.4382687648477557,-0.3782204435916639,-0.490371960100078,-0.31451106848187127
-0.3144338665691596,-0.4378507540872179,-0.3782069370189825,-0.4903647537794484,-0.31449358472640326
-0.3144338665691596,-0.4377341591210279,-0.377869170891021,-0.4903390192366053,-0.31446592504509246
-0.3144338665691596,-0.437552931683605,-0.3778667535483958,-0.4902793835933033,-0.31445004701696433
-0.3144338665691596,-0.437517333299127,-0.3777360920964278,-0.4902729966756579,-0.3144402388477477
-0.314202925702115,-0.4375035942745242,-0.37714648561963,-0.4902593961788496,-0.3144037582781938
-0.3141510499815795,-0.4374296788643781,-0.3765565423714342,-0.4902537443027019,-0.3143662042030183
-0.3141031952245939,-0.4373329820919877,-0.3757666983219627,-0.4902502816563766,-0.3143166267077327
-0.3141031952245939,-0.4368774239206511,-0.3754771211390993,-0.4902301420399235,-0.31427991180222525
-0.3140984335572322,-0.4367861525930284,-0.375022018078908,-0.4902031229798431,-0.3142462546296053
-0.3137725238800283,-0.4365501890552316,-0.3745910488148201,-0.4901890547427301,-0.31421052505668556
-0.3137725238800283,-0.4364963484391242,-0.3745451613314066,-0.4901519624637204,-0.31420029627097906
-0.3135151028517108,-0.4364713664374441,-0.3743184242902033,-0.4900904568071369,-0.3141770708303302
-0.3135151028517108,-0.4362255769932664,-0.3730784934508064,-0.4900661717651704,-0.3140928952729134
-0.3135151028517108,-0.43605970240632,-0.3730128355631298,-0.4900439419684043,-0.31407957611185855
-0.313499389349417,-0.4358216612731013,-0.3729184734060611,-0.4899446664559387,-0.31405032531748495
-0.3127805098463312,-0.4357209704646637,-0.3723016734028917,-0.4899168334257718,-0.31400689065274956
-0.3127805098463312,-0.4356802968130629,-0.3722103260094818,-0.4898921478614995,-0.3139964037012965
-0.3125688801858092,-0.4356743175772924,-0.3721755495407728,-0.4898892308985587,-0.3139937408665498
-0.3124680452659973,-0.4355481142063776,-0.3717541829484228,-0.4898635902683986,-0.31396092632109035
-0.3124564519286568,-0.4355361226252208,-0.3717292409673208,-0.4898221729088344,-0.313952816508964
-0.3124498385017655,-0.4354814364412049,-0.3717007265006429,-0.4898039875539894,-0.31394639809163916
-0.3124498385017655,-0.4350334938149117,-0.3709698134576981,-0.4897537236755657,-0.3138800471924338
-0.3124498385017655,-0.4347888891375313,-0.3705582518324859,-0.4897387156146848,-0.3138449699610708
-0.3124498385017655,-0.4345117115266033,-0.3703350951683316,-0.4896549671983091,-0.3138091806866765
-0.3124498385017655,-0.4343857462133855,-0.3702687850964053,-0.4896179802198792,-0.3137950970561003
-0.3124498385017655,-0.4341747952606397,-0.3701011962510551,-0.4895917873659873,-0.3137736328612494
-0.3124497922077773,-0.4341667925002986,-0.3695256336521416,-0.489491636080643,-0.31372516279480045
-0.3123905821968193,-0.4337248490168401,-0.3694803416694497,-0.4894575628829471,-0.31370091668736066
-0.3122869828645669,-0.4336606945159819,-0.3691285193589125,-0.4894176701145105,-0.31367227975465256
-0.3122098107861721,-0.4335772729384989,-0.3681126219169185,-0.4893768390665406,-0.3136045747784074
-0.3120265791807214,-0.4333889684507268,-0.3679191250984748,-0.4893404378083803,-0.31358093170071794
-0.3117884958126341,-0.4332884825079162,-0.3670459439635444,-0.4892388225690611,-0.3135116617854686
-0.3117884958126341,-0.4331528741397871,-0.3662821921388629,-0.4891617739804438,-0.31345106836649544
-0.3117884958126341,-0.4330029939515337,-0.3661048131954723,-0.4891526252598452,-0.3134338858322067
-0.3117713009027167,-0.432929185522296,-0.3660607617505366,-0.4891015067091215,-0.31342090769305675
-0.31161654671346,-0.4328051068202831,-0.3660388269760676,-0.4890597819233924,-0.3134087353881856
-0.3114945951215841,-0.4323738893278633,-0.3660309299157664,-0.4890578739775749,-0.31339187731265644
-0.3114637765522706,-0.4323318440264974,-0.3660004947340015,-0.4890445565512845,-0.3133865526816607
-0.3114584196764887,-0.4319089578174954,-0.36586460880753,-0.4890344194345643,-0.3133614051254154
-0.3111278144661918,-0.4318505474635092,-0.3653460394363656,-0.4890109356683802,-0.31332585616367825
-0.3111278144661918,-0.4318382172080584,-0.3653399403625573,-0.4889873425910848,-0.31332149747140897
-0.3111278144661918,-0.4315669309811833,-0.3653119292198178,-0.4889443782982663,-0.3133032872962527
-0.3111278144661918,-0.4314370654835275,-0.3650117105173387,-0.4888256771855412,-0.31326331544807967
-0.3109816577318938,-0.4312613162685575,-0.3647629922698844,-0.4887036292763792,-0.31322408855519845
-0.3109816577318938,-0.4308833916401142,-0.3646690374109665,-0.4887010214702882,-0.31320416585561434
-0.3109684308781112,-0.4308796722790319,-0.3646178657771481,-0.4886963883396662,-0.31320038620004675
-0.3109684308781112,-0.4308604315834332,-0.3644107932893604,-0.4886778643975371,-0.31318496851655253
-0.3107964817789371,-0.4303657279054302,-0.364344574330976,-0.4886373549143254,-0.313156578848809
-0.3106648745837999,-0.4301744148254824,-0.3642991713920777,-0.4886261114061954,-0.31314512592255145
-0.3104658104343714,-0.4300536233679023,-0.3642886795543901,-0.4886230664457802,-0.3131395498930032
-0.3104658104343714,-0.4298837417947078,-0.364156005614982,-0.4885612339454337,-0.3131162714708702
-0.3104658104343714,-0.4296181360963459,-0.3641410760397051,-0.4884871480538304,-0.3130943474758576
-0.3099162346597032,-0.4296093537237402,-0.3634534839302665,-0.4884820025783314,-0.31305368577423326
-0.30980446774524,-0.429387150167907,-0.3633928314191518,-0.4884357178599031,-0.31303493290530576
-0.3096614986827036,-0.4290882941511074,-0.3632405861039189,-0.4884328507018489,-0.31301457274869265
-0.3092697457273697,-0.4289972664525134,-0.3631020677973806,-0.4884308859504406,-0.3130029056761051
-0.3091431250561086,-0.4288786902941942,-0.3625378828093896,-0.4884173372427353,-0.3129639771705226
-0.3091431250561086,-0.4288729967675234,-0.362352439080067,-0.4883865185618937,-0.3129484618356892
-0.3090465028892265,-0.4286855392654642,-0.3622288273323391,-0.4883596016044934,-0.31293029703202446
-0.3089447222493692,-0.4285304386201251,-0.3617691461591482,-0.4883436592932952,-0.31289565608035097
-0.3089447222493692,-0.4284928595219059,-0.3614175755792396,-0.4881490582068126,-0.3128447683216112
-0.3089447222493692,-0.4280562134914183,-0.3614032973896425,-0.4880569229520387,-0.31281377560813806
-0.3089447222493692,-0.4278379869241462,-0.3614018348700501,-0.487970246245395,-0.3127925043553385
-0.3086618395275201,-0.4277303795507419,-0.3613846069199233,-0.4879613497943966,-0.3127861538271847
-0.3085346897821077,-0.4273393993410767,-0.3609418178156033,-0.4878710072827822,-0.31273248347662874
-0.3085346897821077,-0.4273168991676204,-0.3608202329488647,-0.4877649012278258,-0.3127086954714672
-0.3084817823669772,-0.4272780281358974,-0.3606813930169943,-0.4877620912583006,-0.31269883219771905
-0.3084817823669772,-0.4269706667890801,-0.360631055706933,-0.4877404197217325,-0.3126811903059028
-0.3084817823669772,-0.4266235036532647,-0.3605545856868861,-0.4876070585002219,-0.3126437660630681
-0.3084817823669772,-0.4262393376399739,-0.3598729694791497,-0.48757542073292,-0.31258543529327387
-0.3082799934856695,-0.4257526690624848,-0.359813642544693,-0.48752438587106,-0.31255616009866805
-0.3082193483610761,-0.4255578488282613,-0.3598094305296503,-0.4874924589482087,-0.31254383646058503
-0.3081154646514673,-0.4255388489135782,-0.3593041304458799,-0.4874599687438078,-0.3125091698991406
-0.3074897683332802,-0.4251798442737245,-0.359247200129258,-0.4874527246660226,-0.31249138749972877
-0.3074897683332802,-0.4248098006903147,-0.3591182269148817,-0.4874299449613862,-0.3124667120047434
-0.3073463958517033,-0.4240786391490532,-0.3589493439290936,-0.4873523351254117,-0.3124180003811936
-0.3071590969887144,-0.4239196427913804,-0.3589351507837927,-0.4872807143638807,-0.31240047391677006
-0.3071590969887144,-0.4238147522431273,-0.3589302714142529,-0.487164555630115,-0.312378809772901
-0.3071590969887144,-0.4237349742439127,-0.358643004190793,-0.4870219638237976,-0.31233786342623004
-0.307133079767324,-0.4235848430339621,-0.3586365291634832,-0.4869005625602718,-0.31231362844132227
-0.307133079767324,-0.4228363187551581,-0.3584942564246856,-0.4867840906375295,-0.31225995641591703
-0.307133079767324,-0.4225983577190128,-0.3584516762073892,-0.4867668958070886,-0.31224602769879306
-0.3068284256441487,-0.4224463910557567,-0.3584397636865873,-0.4867236669461633,-0.3122331635725536
-0.3068284256441487,-0.4224354096400864,-0.358132697508302,-0.4867192293416036,-0.31221441926428845
-0.3065771154222788,-0.4222665507852921,-0.3580780534454131,-0.4866955937263121,-0.3122014108859724
-0.3065771154222788,-0.4221916609609709,-0.3579336694877214,-0.4866557627528343,-0.31218431675695896
-0.3064150864634417,-0.4219949176143506,-0.3577336438438208,-0.486623831038795,-0.3121606545884013
-0.3062090782157772,-0.4219571826228713,-0.3573074006532356,-0.4865903776371971,-0.3121296914482573
-0.3058364116104517,-0.4219440412287375,-0.3568035292901681,-0.4865774604138496,-0.31209826861794265
-0.3058364116104517,-0.4215959516795247,-0.3567413578196882,-0.4865643018619976,-0.3120797034576398
-0.3058364116104517,-0.4214962967999714,-0.356585526493595,-0.4864294238327916,-0.3120467359093395
-0.3058364116104517,-0.4213924171488638,-0.3563448258987081,-0.4863670004628218,-0.31201962029834573
-0.3058364116104517,-0.4210223661665462,-0.3560908569604839,-0.4863383892716762,-0.3119868763327036
-0.3058364116104517,-0.4209692544489799,-0.3558015599114285,-0.4861959666323736,-0.3119468352950501
-0.3057000030673915,-0.4209152034781037,-0.3554145807888336,-0.485985389865133,-0.3118908929458578
-0.3056935615895993,-0.4207209075324987,-0.3551722209562688,-0.4856599669826038,-0.31182076365644196
-0.3055718745347991,-0.4204810166522869,-0.3549112466326578,-0.4855964390829776,-0.3117872321021494
-0.3055718745347991,-0.4203232290448811,-0.3546669545148541,-0.4855645273925317,-0.31176248210140733
-0.305505740265886,-0.4202767462498064,-0.3546400164192991,-0.4855416436501247,-0.3117557546359701
-0.30550458291618,-0.4202211065964087,-0.3544223739358305,-0.4854713715230278,-0.3117305886662988
-0.3054873483257013,-0.4198104033617706,-0.3535777816319426,-0.4853493802014488,-0.31164830580703284
-0.3051750689213203,-0.4197845085127747,-0.3533371348362003,-0.4852522987095156,-0.31161889755743305
-0.3051180611815172,-0.4197429934413068,-0.3532460108840399,-0.4852329845940804,-0.3116091995471634
-0.3051116659977133,-0.419621144843745,-0.3528478186560267,-0.4846722070002044,-0.3114974295372144
-0.3050494997849349,-0.4188269025343195,-0.3528078327649928,-0.4845992875733463,-0.3114544813580321
-0.3050394936700484,-0.418591913729599,-0.3524605946331588,-0.4844195084253436,-0.3113986929162449
-0.3047551163137219,-0.4176122777699093,-0.3522220992525574,-0.4839882910635437,-0.3112835286807036
-0.3038887573909598,-0.4174587192614238,-0.3521742331855111,-0.4839306328973468,-0.3112663672328357
-0.303737045378073,-0.4174169218473615,-0.3518101398680723,-0.4838178767874049,-0.31122690575861833
-0.303240641555611,-0.4173644951118035,-0.3517845365505966,-0.4831881221420249,-0.31112879704045077
-0.3031910408539262,-0.4173332521051284,-0.3516810806852731,-0.4831333234220896,-0.3111134387557773
-0.3031910408539262,-0.4170998530241321,-0.351377932093096,-0.4830434521507293,-0.3110737629662832
-0.303143649036823,-0.416789647768271,-0.3512237006700598,-0.4829718663925744,-0.3110425333276502
-0.3030322524742657,-0.4164050520412574,-0.3506095491154423,-0.4829603597052263,-0.3109910944764618
-0.3028735963631431,-0.4160402554569875,-0.3504704960894862,-0.4827635158921026,-0.310939866670066
-0.3028604290302025,-0.4152320813428278,-0.3503703854462178,-0.4825523580738478,-0.31087215605663127
-0.3025451471300129,-0.4151876531786795,-0.3502598587242544,-0.4825468215060559,-0.3108633041424351
-0.3025296981647948,-0.4151294035404737,-0.3500066375019753,-0.4824478242603857,-0.31083167515488297
-0.3025296981647948,-0.4151099180588011,-0.3493674046179401,-0.4823139533001518,-0.31077404335866754
-0.3024957051505734,-0.4150833554975797,-0.3488108251478734,-0.4821598015492533,-0.3107178534545281
-0.3024903350479376,-0.41498385736755,-0.3474164693061333,-0.4817553666740761,-0.31057310985005426
-0.3024080111099946,-0.4149836651458554,-0.3474139783982769,-0.4817219473317405,-0.31056793514948705
-0.3022486275219139,-0.4149813537350945,-0.3470884946363582,-0.4816146755837099,-0.31053299534682527
-0.302208946960566,-0.4143767076980794,-0.346859804052486,-0.4814654214989983,-0.31047480044329107
-0.3018822436721352,-0.4141636269037679,-0.3463093930549111,-0.4812524505080668,-0.31040315147842074
-0.3018683554756634,-0.4138878999019765,-0.3462935143664128,-0.4807327475164129,-0.31031380130877284
-0.3018392563973416,-0.4138391209094513,-0.3460575294911688,-0.4803810381190097,-0.310245525669863
-0.3018392563973416,-0.4138152585630766,-0.3459537601657276,-0.4803787366764508,-0.31023831755230596
-0.3018392563973416,-0.413625748580645,-0.345811035179465,-0.480265001854498,-0.31020592433306815
-0.3018392563973416,-0.4135923943461577,-0.3456182186980202,-0.4802475014898248,-0.31019095323891865
-0.3017823809260763,-0.4134606611045747,-0.3451261667856962,-0.4799279317902907,-0.3101096764335078
-0.3013458947512496,-0.4131498984595019,-0.3449809357966005,-0.479849849053529,-0.3100779670486758
-0.3012458798963723,-0.4129288839782349,-0.3446817970961828,-0.4798032504020959,-0.31004549037107576
-0.3012458798963723,-0.4118478847023182,-0.3445980213189594,-0.4798004283549345,-0.3099998434699754
-0.3010464453950378,-0.4116306505864153,-0.3443183881083028,-0.4793162866574496,-0.3099032343277328
-0.3007308460503574,-0.4113453805688888,-0.3437666132830139,-0.4792293798887399,-0.3098534314579956
-0.3006272797852394,-0.4113055315537189,-0.3437066827555463,-0.4791680165691118,-0.30984003047774533
-0.3005456700974006,-0.4112748477212909,-0.3434616960184139,-0.4790998531121894,-0.3098164364986556
-0.3003484444806479,-0.4111996825650965,-0.3431854077305842,-0.4788700077477716,-0.3097658446929137
-0.300281258676859,-0.4111950820601633,-0.3429962935828144,-0.4787536109565221,-0.3097387264037927
-0.3001781619650503,-0.410869317347382,-0.3427170872334515,-0.4785582525651285,-0.3096854975087283
-0.2998742088651255,-0.4107049486409285,-0.3425152016443833,-0.4785075299007987,-0.3096626374232631
-0.2996544314626734,-0.4106546801351583,-0.3424970399212486,-0.4784840913778693,-0.3096566952594966
-0.2995989580379091,-0.4098501143909916,-0.3424591098893809,-0.4778903392744465,-0.3095419976936278
-0.2995946460835759,-0.4097873149153716,-0.3423326337345834,-0.4776736256270955,-0.309501393246639
-0.299520588929247,-0.4094811525334511,-0.3421850699160144,-0.4775823467209537,-0.30947096875980723
-0.299520588929247,-0.4093342833738975,-0.3421759995378839,-0.4774493434208954,-0.3094462605088079
-0.2992301272201805,-0.4092881355346877,-0.3417428042414036,-0.4771979220741257,-0.30938532062154944
-0.2992247438906909,-0.4092858463139509,-0.3417407512893819,-0.4771062841515929,-0.3093715175110633
-0.2992229847191379,-0.409236271575661,-0.3417049687667183,-0.4769933536113127,-0.30935064274794866
-0.2992229847191379,-0.4088117356279247,-0.3415913144943648,-0.4769072743986904,-0.3093198705889924
-0.2992229847191379,-0.4085191895887196,-0.3412498657596046,-0.4767082633550437,-0.30926392624725924
-0.2992229847191379,-0.4085191111103723,-0.341114561976364,-0.4763784053233905,-0.3092031538231078
-0.2992229847191379,-0.4084056936541539,-0.3410266017806083,-0.4763048829022813,-0.30918394862101706
-0.2992229847191379,-0.4080328332686611,-0.340436044555699,-0.4762557948467767,-0.30913184366686175
-0.2992229847191379,-0.4074309615614244,-0.339550462685037,-0.4760618015149767,-0.3090339041189831
-0.2992229847191379,-0.4073120195112006,-0.3393801044274971,-0.4759438669384201,-0.30900220991279914
-0.2992229847191379,-0.4064840545442543,-0.3391057782321731,-0.4758958284460517,-0.3089634864247058
-0.2992229847191379,-0.4061180535804494,-0.3382363271325843,-0.4756618931013165,-0.3088640370813662
-0.2992080119206559,-0.406101306496603,-0.3381487861016927,-0.4756430143090291,-0.3088550892053701
-0.2992065569667398,-0.4060190517351023,-0.3381030814238782,-0.4752145430102921,-0.308782755739085
-0.2991946858654699,-0.4058547727283865,-0.3378231300485064,-0.4747999410501785,-0.308696107075164
-0.2990671327010172,-0.4054143783669309,-0.337238972028806,-0.4745117536939074,-0.30860536098688934
-0.2990589518919526,-0.4048062459459647,-0.3372331028200987,-0.4741879944334415,-0.30854379960731426
-0.2990510356199637,-0.4045058554502075,-0.337165903593922,-0.4737529600150301,-0.30846552694898854
-0.2990245819123984,-0.403756248027359,-0.3367548600289668,-0.4735230619324818,-0.308390307685872
-0.2988952497361119,-0.4032237458816199,-0.3367057545811218,-0.4734139693688095,-0.30836124672743853
-0.298891652031883,-0.4030593944601696,-0.3366426359526506,-0.4732520604099661,-0.3083287988877539
-0.2988396704965173,-0.4029385786778133,-0.3366340462960791,-0.4730722813846828,-0.30829775053118796
-0.2987833240994033,-0.4028664800908945,-0.3365016968976619,-0.4729747891197269,-0.3082725213929009
-0.2987547540952328,-0.4027825526099882,-0.3360797239135137,-0.4728558351493779,-0.3082248993788032
-0.298508734614876,-0.4027202668798773,-0.3345123228525494,-0.4727996109730461,-0.30811325680177704
-0.298488894334202,-0.4020340416845805,-0.334227477957036,-0.4727798626936615,-0.30808061913266355
-0.2981648364165277,-0.4016392597195678,-0.3342103463388928,-0.4720700999666782,-0.3079604495712701
-0.2979694757861582,-0.4015682881823273,-0.3340940476439789,-0.4720622713923493,-0.30795051990554634
-0.2979694757861582,-0.4014374614475462,-0.3339896677956505,-0.471699547950719,-0.30788404067798997
-0.2979694757861582,-0.4011625445835398,-0.3338306135364351,-0.4716207834138128,-0.30785679667324006
-0.2979225204552299,-0.4008674021459245,-0.3334775878946274,-0.4716179207969596,-0.3078286948063652
-0.2979002993408751,-0.400854742355092,-0.3332643306009467,-0.4713220932472886,-0.3077676712506495
-0.2979002993408751,-0.4006293628955112,-0.333117027071795,-0.4712132374881275,-0.307737206188476
-0.2978064680401411,-0.4005497433469282,-0.3328092509766641,-0.4711818247110216,-0.30771096664001085
-0.2977680308030488,-0.3997891062462639,-0.3324473515346304,-0.4709153906009275,-0.30763295700300974
-0.2975894682769833,-0.3986483043510904,-0.3317490044656498,-0.4708478918611928,-0.3075586045488297
-0.2974538930257114,-0.3986368045130434,-0.3314750226636364,-0.4705715936983063,-0.3074967605448671
-0.2973646117626787,-0.3981685556294127,-0.3314665137724453,-0.4705046304017644,-0.30747805626142616
-0.2972653574518938,-0.3981398339311232,-0.3312325242026897,-0.4699398724734596,-0.30737271970243285
-0.2972389566517437,-0.3978532238140396,-0.3311811386318497,-0.4698241891778737,-0.3073464117262695
-0.2972323432248524,-0.3976428019650592,-0.3311235628896947,-0.469582036718045,-0.30730084020311316
-0.2971807584951002,-0.3974259909952439,-0.3310619163654619,-0.4692516902342009,-0.3072408955447863
-0.2969731894786894,-0.3967334597715081,-0.3309353288884339,-0.4692255378157317,-0.30721740938238284
-0.2969731894786894,-0.3961904811395245,-0.3306314810277648,-0.4689974572670131,-0.30715275232263317
-0.2969558953673686,-0.396044838225163,-0.3303978611668385,-0.4689844317255006,-0.30713318517585747
-0.2967706665069967,-0.3956297520387814,-0.3302537625064886,-0.4685280543523165,-0.30704469136144796
-0.2967706665069967,-0.3955216570556721,-0.3302121593179413,-0.468349242709818,-0.30701185851339624
-0.2967588218594343,-0.3949401520492215,-0.3301239699050016,-0.4681955159285904,-0.30697238605257343
-0.2965866082231845,-0.3939782545824931,-0.3294906977235798,-0.4678342926677796,-0.30685848130518056
-0.2965776139626123,-0.3939554286648588,-0.3294566823680016,-0.4677479869071842,-0.3068422009738463
-0.2965445468281558,-0.3938502311191904,-0.329195811602576,-0.4675046405536501,-0.30678493671715523
-0.2963725977289816,-0.3934326185765351,-0.3291182577513005,-0.4670844771805805,-0.30670647191040007
-0.2962563072305247,-0.3933529353922439,-0.3288574729176823,-0.4670266550253185,-0.3066790865832574
-0.2960029071657571,-0.3931688077368102,-0.328627769329567,-0.4662327815739661,-0.30653514658477565
-0.2959167805073516,-0.3931456094431442,-0.3284617865108534,-0.4657999741186377,-0.3064552673757519
-0.2959162712734809,-0.3927403494511209,-0.3282702419123697,-0.4656398951282631,-0.3064109085675121
-0.2959162712734809,-0.3927347235340126,-0.3281305671811014,-0.4656184618732863,-0.3063983504361467
-0.2959162712734809,-0.3921887821107518,-0.3280957508572797,-0.4655272416361448,-0.30637283934923143
-0.295906351133144,-0.3921826782655705,-0.3279854716785658,-0.4654406228388693,-0.30635182877245426
-0.295906351133144,-0.3917487633728785,-0.3275370573743449,-0.4650321144100636,-0.30625088693082153
-0.2958501370045678,-0.3917423865005585,-0.3274810428759919,-0.4648600846851697,-0.30621982896918776
-0.2958170698701112,-0.3915013630310268,-0.3273654716359192,-0.4647054440731697,-0.3061839007078314
-0.2958005363028829,-0.3914567269976072,-0.3272278587885679,-0.4646575133799878,-0.306166641946044
-0.295609408265724,-0.3910689275574672,-0.327190325746286,-0.4644192944910899,-0.3061201480724394
-0.295609408265724,-0.39104393852922,-0.3270226548389707,-0.4642214093462268,-0.3060774393891338
-0.2955965782175548,-0.3909889456481065,-0.3266999424200479,-0.4641284072747514,-0.306040844734926
-0.2952284748767843,-0.3899526440569832,-0.3264245435516762,-0.4640780932468973,-0.305998345537531
-0.2951165227863681,-0.3895846706959408,-0.3263382771410735,-0.4640588963859498,-0.30598379114302615
-0.2951001281011046,-0.3894696858805769,-0.3259722853869305,-0.4640221019430607,-0.30595235135367554
-0.2948911901053273,-0.389242499321237,-0.325379371579406,-0.4634533093692625,-0.3058198961141494
-0.2948911901053273,-0.3888153903777788,-0.325354068333204,-0.4628735873446472,-0.3057193294924444
-0.2948557421371899,-0.3886089143412974,-0.3252733085111395,-0.4626084772869149,-0.30566867085569277
-0.2947814006055046,-0.3881657146932066,-0.3250211034233345,-0.4619696678824456,-0.30554373768110327
-0.2947321173483105,-0.3878345997088621,-0.3245944964208931,-0.4618037169325298,-0.30548438275808987
-0.2943389689599026,-0.3876638017396018,-0.3241217060857401,-0.4615832978944666,-0.30541595438226277
-0.2942629145506525,-0.3875909239907328,-0.3239992140450219,-0.460491213119002,-0.3052333977519006
-0.2942629145506525,-0.3873916187478206,-0.3238938853068418,-0.4604105939698405,-0.3052105595211362
-0.2942629145506525,-0.3870520434118634,-0.3237621762224025,-0.4602437422766025,-0.3051700625529533
-0.2939421633464238,-0.3869995680878906,-0.3235799883357858,-0.4598848514219872,-0.3051004006724645
-0.2939322432060868,-0.3868508949844956,-0.3231058207449494,-0.4598793600396137,-0.3050663715234227
-0.2937669075338039,-0.3868297691487634,-0.3222877117450327,-0.4597062189136338,-0.3049854456206305
-0.2931674003861064,-0.3861642712360031,-0.3219895366532191,-0.4595887965233741,-0.3049367637163044
-0.2930090088120594,-0.3857424770920476,-0.3215959080994544,-0.4595116899715614,-0.30489220275304424
-0.2930090088120594,-0.3854042789203263,-0.3215473183002688,-0.4594200305186845,-0.30486906329810576
-0.2930090088120594,-0.3853540980716612,-0.3213624601482038,-0.4589927041491667,-0.3047883964927783
-0.2930090088120594,-0.3850486789981057,-0.3209976410956091,-0.4589722343881489,-0.3047565680791898
-0.292609557827824,-0.3848164920243563,-0.3208019229216076,-0.4587938546481194,-0.3047118106092631
-0.2926059138296069,-0.3847292187733285,-0.3207553512927578,-0.4584906693252869,-0.3046592374118742
-0.2926005437269712,-0.3844991059622656,-0.3207093708772978,-0.458441669337176,-0.30464477742726254
-0.2925374714747087,-0.3843309696128035,-0.3206060577811208,-0.4583308619129154,-0.3046177760910525
-0.2923418132401292,-0.384179901879718,-0.3205704251139273,-0.4581287537045968,-0.3045809409799924
-0.2923418132401292,-0.3840179967059625,-0.3200845540297932,-0.4580065700826802,-0.3045274076268205
-0.2922900631747047,-0.3839257383078558,-0.3198797730667204,-0.4578264046413515,-0.30448402491740223
-0.2922861612528388,-0.3834306669436804,-0.3198399005026161,-0.4575858728525602,-0.3044352897215872
-0.2919945091269318,-0.3833002441595746,-0.3194079469220909,-0.4573210030452931,-0.3043631001869492
-0.2919725525496527,-0.3831257422767382,-0.3191693634020376,-0.4571190761599291,-0.3043127475482477
-0.2919482151386927,-0.3829423591098068,-0.3188810445195434,-0.4567061707440479,-0.3042255186197586
-0.291703518343714,-0.3827339311444405,-0.3186765900799573,-0.4561681808679342,-0.3041234647403052
-0.291703518343714,-0.3826049795870393,-0.3181075841704143,-0.4560636339306693,-0.30406786650557177
-0.2914733710878963,-0.3825689025288621,-0.3177022426853437,-0.4558068286123086,-0.3040001993224949
-0.2913457319488939,-0.3821707517998182,-0.3168892789556252,-0.4554933330508023,-0.3038912642417912
-0.2912868724495613,-0.3818545903347018,-0.3165067379739519,-0.4552744008219986,-0.3038265948283715
-0.2912868724495613,-0.3814614661921535,-0.3163860966997694,-0.4549624038987116,-0.3037629053784583
-0.2912868724495613,-0.3805453572666956,-0.3149724776132643,-0.4548579813891918,-0.3036398800433045
-0.290691664029343,-0.3805284312051748,-0.3148598726069026,-0.4546511743049928,-0.30359945727728793
-0.2906903810245261,-0.3796448196544801,-0.3147464984398622,-0.4543526599613182,-0.3035305061574869
-0.2906903810245261,-0.379323141698216,-0.3146986500721943,-0.4542582366977792,-0.3035072411077992
-0.290625463626161,-0.3792533046285602,-0.3144661763753752,-0.4537029833076043,-0.30340285228518177
-0.2901916889563597,-0.3790601175783259,-0.314343999930234,-0.4533081945649048,-0.30332912462511924
-0.2899641870712985,-0.3790477716171141,-0.3133206530513169,-0.4532255479604262,-0.3032493929082988
-0.2899641870712985,-0.3787800919385727,-0.3131474154986395,-0.453069600684743,-0.3032090870384233
-0.2898848259486027,-0.3783984089808342,-0.312607556958784,-0.4528850302129626,-0.3031386140080929
-0.2895316689526066,-0.3777189544347338,-0.3125895365148902,-0.4524430410573054,-0.3030563425690406
-0.2893033602294647,-0.3775541109457918,-0.3120401670758081,-0.4516154505571202,-0.30288661334753814
-0.2893028443821671,-0.3774402212469861,-0.312031445528561,-0.4514536393218046,-0.3028585211526571
-0.2892631638208192,-0.3766589153156278,-0.3116946220492279,-0.4509399184334769,-0.3027425344828699
-0.2892580582552592,-0.3751797423989513,-0.3110308789559212,-0.4506295845471075,-0.3026264297661807
-0.289095844120469,-0.3748851575593661,-0.3109282219735447,-0.4504012013785127,-0.3025787683471814
-0.2890350005930689,-0.3748076946710545,-0.3106610715860768,-0.4502894759616339,-0.3025424450228209
-0.2890350005930689,-0.3739710241760285,-0.3103242747349923,-0.4500722837979589,-0.3024726639840771
-0.2888068373653186,-0.3739173940610271,-0.3102736853555946,-0.4487377182487117,-0.30225657314112053
-0.2886415016930357,-0.3737076972931188,-0.3097900282959413,-0.4486149184740031,-0.3022023183451915
-0.2884563588072134,-0.3728899147592198,-0.3093654556235451,-0.4484553999629964,-0.3021363038496863
-0.2881646405470375,-0.3724302707186993,-0.3083034580834107,-0.4484366593162828,-0.3020570320059725
-0.2881646405470375,-0.3716111923321269,-0.3075122710059542,-0.4483045046819991,-0.3019715517242167
-0.2879801590039044,-0.3714067810165395,-0.3066413904119969,-0.4474359724196229,-0.3017738213186191
-0.2878917374863675,-0.371216052866798,-0.3064813817977866,-0.4473705584640459,-0.30174998723191393
-0.2873584968761208,-0.3709899037467767,-0.3060853629869027,-0.4470614236694487,-0.30167156291319264
-0.2873328037126481,-0.3709462306657631,-0.3059286156189837,-0.4468693622334539,-0.3016301880142859
-0.287318816314773,-0.3707425493797779,-0.3054702021964592,-0.445472092343694,-0.3013752649479697
-0.287318816314773,-0.3706056995898335,-0.305449613286241,-0.4441990232340267,-0.30116955134856604
-0.287318816314773,-0.3705558131091267,-0.3053051522482857,-0.4424794352973524,-0.3008862822578461
-0.287318816314773,-0.3702665590035801,-0.3050458590703848,-0.4424265400517684,-0.3008564116577805
-0.287318816314773,-0.3699449983270331,-0.3049822054428567,-0.4422514741351626,-0.30081931570205456
-0.2871466159053769,-0.3687063751257708,-0.3040951257848374,-0.4420802148729256,-0.3007146667856023
-0.2866845886758959,-0.3686102741123574,-0.3040031731348397,-0.4420757846634925,-0.3007064532773679
-0.2860622652054234,-0.3683457424233461,-0.3038549432727802,-0.4416791302794992,-0.3006295932485345
-0.2859961309365102,-0.3677476744669729,-0.3038102761660676,-0.4414431595128751,-0.30057961772566977
-0.2859961309365102,-0.3672460620728368,-0.3035051670390891,-0.4412997445708241,-0.3005289889638293
-0.2859961309365102,-0.367099360085657,-0.3030464597665396,-0.4412053224489271,-0.30048187133071214
-0.2859961309365102,-0.3664494729890327,-0.3030452948755038,-0.4411721114548748,-0.30046608785292545
-0.2859961309365102,-0.3663362325571896,-0.3023322267126634,-0.4406319509556375,-0.30033221192093573
-0.2859961309365102,-0.3660257846719555,-0.3022923253326631,-0.4405583556063453,-0.3003129506201446
-0.2859961309365102,-0.36591240423082,-0.3022823674462934,-0.4401837742862453,-0.30025099562229385
-0.2859961309365102,-0.3658484924373495,-0.3021516034362793,-0.4401290331297146,-0.3002327902491531
-0.2859961309365102,-0.3644514390333686,-0.30197419302304,-0.439752089363548,-0.30013898498563096
-0.2859577730605406,-0.3637849142429255,-0.3017595502645143,-0.4396433261271421,-0.30009708245481326
-0.2857315938608576,-0.3636644390757449,-0.3013942640652551,-0.4381887517059125,-0.2998404377923719
-0.2856150652790327,-0.3636190589343776,-0.3012769138150135,-0.4376538747814621,-0.2997471483807437
-0.2851231585868568,-0.3628501671632894,-0.3006725755423817,-0.4359423814463335,-0.29942377879510884
-0.2850105385403246,-0.3624066870068073,-0.3005489284287706,-0.4338694881804625,-0.2990794318482151
-0.2850105385403246,-0.3623897689973833,-0.3005108335494769,-0.4333146875994271,-0.2989885783581249
-0.2846866724120301,-0.362325534279699,-0.3004981414997819,-0.4330281043109275,-0.2989412102060342
-0.2844353621901602,-0.3615859688996482,-0.3004174507068341,-0.4318840259146039,-0.29874240564678034
-0.2843745186627601,-0.3610322899228223,-0.3000106790871177,-0.4317826589107746,-0.29869102157503913
-0.2843230794283994,-0.3596282797578622,-0.2999964676076341,-0.4316051000659988,-0.29863936010967346
-0.2843030936523338,-0.3595633675977208,-0.2998315588568556,-0.4314899838578749,-0.2986093345496934
-0.2840121028691161,-0.3593259822891619,-0.2983151674035305,-0.4311880794308608,-0.2984591737024369
-0.2838943838704507,-0.3587251390850331,-0.2979309372558679,-0.4308265027841054,-0.2983671704353711
-0.2836483643900938,-0.3583112132252298,-0.2974192043164753,-0.4304704645392558,-0.29827077353507847
-0.2836341785894119,-0.3579181835389269,-0.2972119490533994,-0.4283484973676985,-0.2979140173539655
-0.2836318308228655,-0.3574973865133635,-0.2970662760255153,-0.4276739949895118,-0.29779068850781054
-0.2835433762381942,-0.3574195234145922,-0.296758216440058,-0.426762476594512,-0.2976246861613674
-0.2835433762381942,-0.3566197038420295,-0.2963626484669865,-0.426548755764505,-0.2975522341972368
-0.2835110101269881,-0.3564710681423003,-0.2963378283362859,-0.4263456444753259,-0.29751598048690076
-0.2833507601799847,-0.3562736888202947,-0.2962812118982367,-0.4257359546184479,-0.29741231072747387
-0.2833507601799847,-0.3559705570848912,-0.29621082437161,-0.4256358361797078,-0.29738697632026556
-0.2833507601799847,-0.3557917317578896,-0.296083567984607,-0.4254953803729364,-0.2973535410639877
-0.282713596179568,-0.3556750378381332,-0.2958731658744756,-0.4252091304131191,-0.29729255363678436
-0.2826894241042802,-0.3553374895187241,-0.2958132481274032,-0.4240819159716817,-0.2971042294602062
-0.2826894174908533,-0.3553022403186441,-0.2957759818153111,-0.4233858146348409,-0.2969906949835384
-0.2826894174908533,-0.35523526388123,-0.2957509631952199,-0.4220652270082161,-0.2967782691206832
-0.282689252155181,-0.3550084286748024,-0.2953336722104084,-0.4212964415616859,-0.2966254546697316
-0.2826464302160598,-0.3549842441268198,-0.2946972000992475,-0.4201244153358324,-0.29639763025801513
-0.2825664077506749,-0.3536104329233746,-0.2946274285346424,-0.4196156424069308,-0.2962902469059249
-0.2825664077506749,-0.3524357821005956,-0.2945482890759369,-0.4193727350161917,-0.2962276760587235
-0.2825664077506749,-0.3520062587666697,-0.2941883327982637,-0.4193270595525993,-0.29619016778465984
-0.2825664077506749,-0.3516152153677329,-0.2940184861501674,-0.4191230715437953,-0.29614047191929715
-0.2824566777716942,-0.3514458773133749,-0.2937629707128047,-0.4174304114500308,-0.29585235495067214
-0.2824566777716942,-0.351022295625167,-0.2935853447898949,-0.4170479544518255,-0.29577328860833174
-0.2822092826985439,-0.3506817632947236,-0.2935660239310601,-0.4168462268767596,-0.2957345307342241
-0.2821675784285673,-0.3506629392688097,-0.2932543347811526,-0.4166060483802861,-0.295675858487949
-0.2820280748017219,-0.3502246660408947,-0.2918272646404761,-0.41640876622715,-0.295544884267524
-0.2820280748017219,-0.3501718059415913,-0.2914141363190687,-0.4159640230476895,-0.29544659527338657
-0.2820148479479393,-0.350002829978688,-0.2901201883337139,-0.4157561720792813,-0.2953269046878669
-0.2818011747385078,-0.3499362566130626,-0.2900358406422825,-0.4154442245428835,-0.29527082085236506
-0.281685975455488,-0.3498763852654106,-0.2899433969172941,-0.4146815400334778,-0.2951427361482236
-0.2812873709898947,-0.349665638105385,-0.2894722613265336,-0.4140037303672563,-0.29500113401571737
-0.2812873709898947,-0.3493917556433997,-0.2891898997668872,-0.4138544158938623,-0.29495470055055906
-0.2795811068519358,-0.3489089591307336,-0.2883654470236024,-0.4137078990696691,-0.29487017944478566
-0.2793827040451964,-0.3486062586000364,-0.2878949052263127,-0.4123751188321913,-0.29462312146224684
-0.2793827040451964,-0.3485751320398975,-0.2878682317253925,-0.4123288331055315,-0.29461354002397505
-0.2793827040451964,-0.3476446056892148,-0.2877566761861335,-0.4112360601779448,-0.2944178147952323
-0.2793827040451964,-0.3472594629314517,-0.2875249710150168,-0.4102740276377912,-0.29424381181247605
-0.2793827040451964,-0.3465270729647903,-0.2870474225521574,-0.4090833250831077,-0.2940119645953065
-0.2793827040451964,-0.3464585104664823,-0.2868616387941827,-0.4085573809370442,-0.2939152807903748
-0.2793827040451964,-0.3463855257781238,-0.2864482116567568,-0.4072905556022839,-0.29368609162294307
-0.2793827040451964,-0.3459245998885324,-0.2858561596727617,-0.4062084728773502,-0.2934684223962759
-0.2793827040451964,-0.345125734628337,-0.2855723132548737,-0.4059992600587983,-0.293403951640317
-0.2793161861975236,-0.3445630172576266,-0.2853821457300982,-0.4051664759890802,-0.29325031970725973
-0.279255673341468,-0.3444175135418504,-0.2851616360050215,-0.4041975103759124,-0.2930797894216205
-0.2791994459860381,-0.3431460179180196,-0.2850191725706735,-0.4034976983644689,-0.29293899191019873
-0.2790735263380274,-0.3430202103361802,-0.2844244874592713,-0.4033091747575564,-0.29286844112411275
-0.2790435675142098,-0.3426724336369254,-0.2841757258096222,-0.4028782255360668,-0.2927782743513069
-0.2789157961066696,-0.3421857326612574,-0.2841538380131131,-0.4019687373409207,-0.29262460135597135
-0.2788145445409636,-0.3412654128619658,-0.2836300727647311,-0.4016351940519245,-0.2925228663044889
-0.2788145445409636,-0.3410862250486877,-0.2835896089168128,-0.4013504770177336,-0.2924721468411763
-0.2785890928182387,-0.3402550121457645,-0.2831071921534417,-0.4011905561245467,-0.2924020991452406
-0.2785890928182387,-0.3395001500499113,-0.2829803423086965,-0.4009805174118299,-0.2923483916588616
-0.2779535292671297,-0.3388340152940688,-0.2828932815014237,-0.4008047767702043,-0.29230413766196633
-0.2778749022348188,-0.3386472025295411,-0.2805649450661626,-0.4005089860731994,-0.29210307006694297
-0.2775387483593602,-0.3374896388521405,-0.2803388223855366,-0.399951594209024,-0.2919812909901604
-0.2772897594503292,-0.3373868163533909,-0.2799888104810381,-0.3996261010853035,-0.29190523421026643
-0.2771238880904682,-0.336482161184423,-0.2797566273677555,-0.3991033758445318,-0.29179262766756586
-0.2769004203958106,-0.3347521434293154,-0.2795895415858295,-0.3980795661421972,-0.29159141586184223
-0.2768500459231795,-0.3342933389210104,-0.2783383370766733,-0.3975777139981407,-0.2914231546771273
-0.2767520415500771,-0.3341667089309208,-0.2781403685061913,-0.3962444494218611,-0.2911965345908011
-0.2767373332886709,-0.3341031910042166,-0.2780747339286132,-0.3956558082539052,-0.29109777149257526
-0.2767373332886709,-0.3338399478435694,-0.2776601147925863,-0.3953530219666678,-0.2910185528482773
-0.2765257036281488,-0.3338258406493994,-0.2775164337163366,-0.3923426408443306,-0.2905309134805642
-0.2762652404234613,-0.3330659400659095,-0.2770866781637522,-0.3919525363868357,-0.2904288717634802
-0.2760759905995394,-0.3328157324411309,-0.2768773955345922,-0.3901406593629766,-0.2901235234223854
-0.275459619213269,-0.3325922282292872,-0.2760730489843624,-0.3900965950328007,-0.2900607406783716
-0.2754146479104081,-0.3323077735972875,-0.2756283814578571,-0.3894183266535704,-0.28991959996244976
-0.2754146479104081,-0.3317101328741521,-0.2754708510121978,-0.3894176251317225,-0.2898996711681442
-0.2754146479104081,-0.331207708648853,-0.2752615537242895,-0.3884810243195583,-0.2897292783210093
-0.2746210366834504,-0.3311270886102441,-0.2748953681988568,-0.3883323454572784,-0.28968060891286773
-0.2746210366834504,-0.330827078906192,-0.2744576608879379,-0.3882863314817463,-0.28964008063606933
-0.2745416755607547,-0.3307447225849313,-0.2743502470308616,-0.3880773133684244,-0.2895985931564812
-0.2735352707101421,-0.3307322977117105,-0.2741009276362121,-0.3876383123948457,-0.28951249532798323
-0.2735352707101421,-0.3306192795611228,-0.2739416356760129,-0.3874739262807578,-0.2894742372238649
-0.273430619843014,-0.3304834721879653,-0.2736120501067144,-0.3872095261949545,-0.2894086788154011
-0.273430619843014,-0.329748688636036,-0.2733870221880627,-0.386718198703555,-0.2893042501627226
-0.273430619843014,-0.3292567052271539,-0.2731468176173474,-0.3859722742147756,-0.2891623012306927
-0.2734302891716694,-0.32900979677663,-0.2729787575033315,-0.3854236051449589,-0.2890602953109993
-0.2732778893623859,-0.3275068152760758,-0.272687365497831,-0.385267057576226,-0.2889923947008204
-0.2731803016351777,-0.3266625568731939,-0.2726239084404295,-0.3838711285940395,-0.28875303045258416
-0.2728354114227957,-0.325390039814348,-0.2719874437487403,-0.3812163787012338,-0.28825418379109985
-0.2727692771538826,-0.3244061666453744,-0.2718458308865059,-0.3811161605841286,-0.28820393383672244
-0.2726370086160563,-0.3234134235013809,-0.271452992979636,-0.3807433554026617,-0.2880889753519468
-0.2720575533786932,-0.3231258880101706,-0.2710613250177916,-0.3804684427342164,-0.28800925872222227
-0.2718440587317878,-0.3228404460359971,-0.2698112370164839,-0.3802009120419618,-0.2878830420940351
-0.2717084834805158,-0.322453435228474,-0.269800467330531,-0.3800484895821217,-0.2878448616943524
-0.2714545278878894,-0.3218516983996435,-0.2694831221992103,-0.3784012060348154,-0.2875075968366011
-0.2714545278878894,-0.3216256712181178,-0.2694755099931993,-0.3754627992325759,-0.2869576492761954
-0.2714465917756198,-0.3207176591066423,-0.2690792918463391,-0.3747851760031556,-0.2867881125838255
-0.2714465917756198,-0.3198863259847596,-0.2669971401424124,-0.3742867062521067,-0.2865594912721338
-0.2714465917756198,-0.3182426438822788,-0.266001789233893,-0.3734617509433904,-0.2863114436684856
-0.2713653259859793,-0.3177227873479952,-0.265516343544143,-0.3711274100723876,-0.2858395638138751
-0.2710048214727069,-0.3165846547420101,-0.2653084370911908,-0.3701093155406119,-0.285611935048008
-0.2710048214727069,-0.3159909097645967,-0.2651016229778349,-0.3675661091490659,-0.28511514971152907
-0.2709866940695978,-0.3152467108533678,-0.2645298460696694,-0.3657763293416843,-0.28473385398972095
-0.270899000029019,-0.3149104290209187,-0.2639310121464344,-0.3656602162699328,-0.28467079697294206
-0.2708755884978238,-0.3130904936123119,-0.2633933021471372,-0.3635820524155926,-0.28421199698692706
-0.2708277668079726,-0.3127845844892491,-0.2633680961012702,-0.3623398478244167,-0.283973194304363
-0.2699916378595308,-0.3124081098982694,-0.262536601881728,-0.3620494114628403,-0.28386390161128666
-0.2696609665149651,-0.3115384555176652,-0.2622234081441021,-0.3593628459066781,-0.2833279633315631
-0.2694625637082257,-0.3113956982321478,-0.262165758476956,-0.3585381607002696,-0.2831685998568352
-0.2694625637082257,-0.3104883179634197,-0.2616912062089684,-0.3582516641732363,-0.28306712442850657
-0.2694625637082257,-0.3103441127991214,-0.261644785901515,-0.357851757030408,-0.2829870020892067
-0.2686609502347295,-0.3093272276002953,-0.2607131118510482,-0.3577882903840755,-0.2828986570122843
-0.2684705496745286,-0.3092983851673753,-0.2600483572398605,-0.3572884117350424,-0.2827682982204226
-0.2684705496745286,-0.3088328845651534,-0.2597411289998811,-0.3538175230666185,-0.28209724457448154
-0.2684705496745286,-0.3062911387731036,-0.2580225748887372,-0.3523864419759469,-0.28167488639165206
-0.2684573228207459,-0.3054914203631165,-0.2575219077765814,-0.3522443667707165,-0.28160129657057065
-0.2684044286324692,-0.3053918020460807,-0.2572002188344561,-0.3521286859712684,-0.28155951229494636
-0.2678629080117546,-0.3053695524448178,-0.2571141799013773,-0.350444898541907,-0.28124241177058
-0.2674785356408315,-0.3050544547734402,-0.2570498124643369,-0.3496311272892742,-0.28108052701258557
-0.2674706788896846,-0.3046026875267381,-0.2563411002568425,-0.3491821181461118,-0.28094690718402615
-0.2674358658105287,-0.3040236790443962,-0.2559741531681082,-0.3485512151258456,-0.280795609894691
-0.2673462671030052,-0.3027332532445274,-0.2556728303317795,-0.3474440432948079,-0.2805425912419759
-0.2673462671030052,-0.3027067009376998,-0.2554478917829983,-0.347027130484048,-0.28045220001649485
-0.2666849244138738,-0.3025723488109775,-0.2554148520919878,-0.3467385414511513,-0.28039349006658004
-0.2666849244138738,-0.3025081565507024,-0.2551450080882507,-0.3437305181194905,-0.27980835314885216
-0.2666849244138738,-0.3019225576097603,-0.2535823402906849,-0.3429495332942103,-0.2795667997524191
-0.2666849244138738,-0.3014600465125454,-0.2535718211166491,-0.3425615046766554,-0.27952320443603257
-0.2666163497904378,-0.3007388573798212,-0.2525825505776621,-0.3409688423128193,-0.27924097080467986
-0.2665168772365656,-0.3000450341401703,-0.252325000931772,-0.3409502362836029,-0.2792383134261853
-0.2662170310747403,-0.2994885707960157,-0.2522553937512662,-0.338559850912239,-0.278905805080512
-0.2661558502625687,-0.2992179850203078,-0.2521842544526817,-0.3383013139752042,-0.2788709272006608
-0.2661558502625687,-0.2992144990070825,-0.2521050339370904,-0.3374954142013365,-0.27874955486354314
-0.2661558502625687,-0.2989761317031497,-0.2518939297177272,-0.3369194538336379,-0.2786578182053016
-0.2661558502625687,-0.297965310046819,-0.2511091296072635,-0.336600630469198,-0.278581534312573
-0.2661558502625687,-0.2972073892486757,-0.251084779609195,-0.3352372312858187,-0.27840524638481906
-0.2661558502625687,-0.2969785575025929,-0.25089637753554,-0.3347671816367161,-0.2783301264478639
-0.2661558502625687,-0.2969632725109053,-0.2501710131691868,-0.3321791304001362,-0.27790529892097693
-0.2660870706228991,-0.2962462416020236,-0.2501662850862267,-0.332069509190889,-0.27790911418560427
-0.2660394539492816,-0.2959201381206927,-0.2501578113437745,-0.3313640136021516,-0.27781636869305204
-0.26588956062879,-0.2957481942981689,-0.2494402734291266,-0.3311584720210083,-0.2777380847346895
-0.26588956062879,-0.2949491212781954,-0.2491409506559589,-0.3309270330699551,-0.27770471013209164
-0.2654945075734373,-0.2945401422652011,-0.2487902098235906,-0.3309102043688572,-0.2776874487292377
-0.2647157765569852,-0.2942607277477196,-0.2487022564737595,-0.3274721783101031,-0.2771956715161926
-0.263579920488402,-0.294258687352024,-0.2484931826007725,-0.3264980293519915,-0.2770404381654176
-0.2635274297191656,-0.2942448904474549,-0.2484455360120325,-0.3264067287772727,-0.27702417179794664
-0.2635104795060432,-0.2942182104140129,-0.2483353401672034,-0.3261585293025561,-0.2769810951159813
-0.2635104795060432,-0.293328444792229,-0.2482692482751485,-0.3260928471098982,-0.27699141893592794
-0.2626127464861087,-0.2927057384515542,-0.2477004450018984,-0.324613152355625,-0.27675404961278854
-0.262452331203433,-0.2925368137048118,-0.2472863059648871,-0.3242064354251759,-0.2766694924865114
-0.2623390961081999,-0.2925312871213789,-0.2464073275147496,-0.3230109596989237,-0.2764325967527296
-0.2621117926259454,-0.2912281161662871,-0.2460693360797091,-0.3219854493782806,-0.2762964580529403
-0.2619138461456616,-0.2910466468280429,-0.2459779122388065,-0.3202281361208247,-0.2760382619044327
-0.261526451438649,-0.2899083177605083,-0.2456588196595673,-0.3196993295831628,-0.27595779925190295
-0.2614179912376315,-0.2897584619334097,-0.2454926224861856,-0.3195825737824924,-0.2759297683177717
-0.2613369767582129,-0.2894250402246669,-0.2453442912335538,-0.3190246636695001,-0.27583738923515977
-0.2610750850533169,-0.2892844304316301,-0.2443995317792122,-0.3187825217842445,-0.27572699878213935
-0.2608651087495177,-0.2890057903849966,-0.2441153507477709,-0.3181811701823075,-0.2756154222706384
-0.2608651087495177,-0.2888509628372279,-0.2437784289998005,-0.3179689645137403,-0.27555864797113333
-0.259835041057488,-0.2852583055518676,-0.2435001349466843,-0.3176685427378135,-0.2755816130543525
-0.2595731758062995,-0.2847102859505769,-0.2432981503000029,-0.3176424263480352,-0.2755755482252168
-0.2595424233712549,-0.2846123786783033,-0.2431551879871606,-0.3166436666918884,-0.2754070033737547
-0.2595424233712549,-0.2842749839107908,-0.2431541641274401,-0.3166269189556427,-0.2754129953002106
-0.2595424233712549,-0.2842140134756379,-0.2430633279187952,-0.3162725561824552,-0.27535067745446873
-0.2594895159561244,-0.2841805691481799,-0.2426667686051702,-0.3142205498705383,-0.2749918440305909
-0.2593440205645155,-0.283061117251758,-0.2423477807274461,-0.3138992621514191,-0.2749440791807292
-0.2583862442418347,-0.2817461497796063,-0.2423049703346724,-0.3138893490311565,-0.2749731883866305
-0.2583862442418347,-0.2811513361539233,-0.2406318883483437,-0.3136849745905696,-0.27482255047951354
-0.2583784602383837,-0.2801138657279396,-0.2405219026247519,-0.3117402331966568,-0.2745297568907769
-0.2579505715185157,-0.2798749577049546,-0.2402608524492917,-0.3098235855972977,-0.2742086982499784
-0.2578907464588568,-0.2791470418755568,-0.2401153375862533,-0.3096915040478888,-0.2741948594784067
-0.2575018901845013,-0.2782722719509532,-0.2398480422436796,-0.30910166322885,-0.2741019318796296
-0.257323869959441,-0.2781820936842785,-0.2397406184210957,-0.3085389490361312,-0.27400573693319935
-0.257323869959441,-0.2780232506778589,-0.2388512110965883,-0.3081776934416052,-0.273881188002982
-0.2568970526147294,-0.2778154683785874,-0.2378308354792057,-0.3070316006286405,-0.27362198327562504
-0.2568639854802728,-0.2775751169550543,-0.2376908170556654,-0.306135279527103,-0.2734737461716509
-0.2566325155390768,-0.2772780711049999,-0.236630099575049,-0.3059883668694856,-0.27338925644181644
-0.256235709925598,-0.2768556163149859,-0.2360836304973217,-0.3057359904741197,-0.2733279352673663
-0.256235709925598,-0.2756033582627536,-0.2359658180360355,-0.3055739097416103,-0.2733261628843684
-0.2560940437081592,-0.2753266870718718,-0.235865592708535,-0.3051749894520465,-0.2732706611372162
-0.2560029172990237,-0.2739671191242156,-0.2353039394725249,-0.3048828483470495,-0.2732240970935812
-0.2555743672364666,-0.2739446808447104,-0.2346818550365288,-0.3045380805042754,-0.27313594216614745
-0.2555743672364666,-0.2723598849071728,-0.233585646086514,-0.3037083959134818,-0.27298492571751787
-0.2555743672364666,-0.2711047016867134,-0.233409129441584,-0.3035244867825311,-0.2729763335598021
-0.2555743672364666,-0.2710368402274902,-0.233346190209599,-0.3014501812251832,-0.27268682482467205
-0.2555743672364666,-0.2700756332463511,-0.2333322267062039,-0.2990183477018334,-0.2723713561847004
-0.2555743672364666,-0.2697922994405272,-0.2332987847443231,-0.2965334183789339,-0.27203188389486516
-0.2555743672364666,-0.2694731033759489,-0.2331718923713802,-0.2933912310660913,-0.2715961623726605
-0.2555743672364666,-0.2682276736978322,-0.2326498834264065,-0.2929853129944028,-0.2715338839436636
-0.2555743672364666,-0.267294127811218,-0.2318521114695397,-0.2928736617041663,-0.2714870663403589
-0.2555743672364666,-0.267147723472707,-0.2318023429994535,-0.2926842832058249,-0.2714609155860064
-0.2549527051086831,-0.2669964274016574,-0.2306477331901247,-0.2925754426976359,-0.27137323653948775
-0.2549226140163276,-0.2653464882611466,-0.2304378797919253,-0.2921488977661647,-0.2713378434427721
-0.254539365927976,-0.2652358899169956,-0.2302666313036541,-0.2908159600111527,-0.2711447098835132
-0.2544434712380519,-0.2637823594413708,-0.2294536127218335,-0.2905289711778639,-0.27108443182875197
-0.2544149012338815,-0.2637441318522299,-0.2293132583475871,-0.2899168612298645,-0.27099139110289616
-0.2543045892733344,-0.2633439981747555,-0.2282674136130535,-0.2871480000204483,-0.2705486074891985
-0.2543045892733344,-0.2622796289888511,-0.2272842260734956,-0.2852070180769211,-0.2702395246033271
-0.2539938243437115,-0.2612334619162876,-0.2271862183403248,-0.2845011383404759,-0.27015916774610627
-0.2539606910749861,-0.2604814154474571,-0.2270878602158153,-0.2820709565303297,-0.26983362371605035
-0.2539606910749861,-0.2590670709626385,-0.2269152739528631,-0.2820521253899977,-0.2698517331758321
-0.2539134050727131,-0.2578843242248686,-0.2269118548427055,-0.2818467431171679,-0.26984993024772075
-0.2539134050727131,-0.2574250285071862,-0.2268640260063031,-0.2818334925420263,-0.26985536550306566
-0.2538681030985076,-0.2571353762859321,-0.226686512657829,-0.2792912281141469,-0.2694986160427202
-0.2535903391690725,-0.2563652801314915,-0.2265186787835937,-0.2774131786687486,-0.2692452716459179
-0.2535903391690725,-0.2549713224425084,-0.2263171754499607,-0.2772062440924618,-0.26923499678288426
-0.2532662812513981,-0.2547419995136633,-0.2258723668009317,-0.2761589209477588,-0.2690660402946241
-0.2531512406906237,-0.25465413867098,-0.2248508996653861,-0.2757246792945854,-0.2689406857302325
-0.2530083576026368,-0.2522994153460716,-0.2247416613353825,-0.2753504456077875,-0.2689351428850056
-0.2529289964799411,-0.2519894018878231,-0.2235475046046888,-0.2745368630313131,-0.26875098455074525
-0.2529289964799411,-0.2513126414351871,-0.2232847383705895,-0.274420250654617,-0.2687328980567413
-0.2529289964799411,-0.2495930196861135,-0.2223601784252714,-0.2735224610935423,-0.26858682715984633
-0.2529289964799411,-0.2495897860409505,-0.2217822823883095,-0.2708197338345518,-0.26817501243175523
-0.2529289964799411,-0.2489350289554733,-0.2215279675729753,-0.2704832890055673,-0.2681265779849825
-0.2529289964799411,-0.2452618367657425,-0.2214593929236947,-0.2694160521585838,-0.2680577707476711
-0.2529289964799411,-0.2446582649561114,-0.2211511395186155,-0.2693535617976079,-0.2680425134471581
-0.2529289964799411,-0.2434906775781166,-0.2195314435785077,-0.2625161019794586,-0.2670166000641697
-0.2529289964799411,-0.2433187047830763,-0.2194452548130076,-0.261881678031758,-0.2669270749112196
-0.2529289964799411,-0.2417147071056456,-0.2185220716730098,-0.2596106564770115,-0.26658853693486073
-0.2529289964799411,-0.2411485581213548,-0.2183435043155191,-0.2584879528991304,-0.2664343328777359
-0.2529289964799411,-0.2399456193598861,-0.218216821020153,-0.2564012856120048,-0.2661646632643651
-0.2529289964799411,-0.2386043099335892,-0.2179596039282074,-0.2559358686023342,-0.266113772814452
-0.2529289964799411,-0.2383784875097054,-0.2159403010903434,-0.2558513013756898,-0.2659741821175674
-0.2529289964799411,-0.2383234090066932,-0.2146359798996198,-0.2542378789003527,-0.2656632827094011
-0.2529031181405154,-0.2369081506895541,-0.2139867338416849,-0.2530563152740527,-0.2654875938439831
-0.252849899894321,-0.2365624032837525,-0.2131310410696101,-0.2518786552202748,-0.26527350536530675
-0.252598225933972,-0.235487216308886,-0.2125555796143962,-0.2500473341734799,-0.2650033550428252
-0.2518973812460188,-0.2352265001335663,-0.2121597477660166,-0.2496412332579136,-0.26492619036635173
-0.2518973812460188,-0.2341622503540356,-0.2117731825059799,-0.248959862329876,-0.2648299294272679
-0.2516063111016783,-0.2341184869741106,-0.2115401264515439,-0.2459287612864988,-0.2643894957849039
-0.2516063111016783,-0.2339231733160202,-0.2109487905155257,-0.2454180317386503,-0.2642831181701522
-0.2516063111016783,-0.2329265893244363,-0.2108006207710058,-0.2451637665704622,-0.2642610947143375
-0.2516063111016783,-0.2320054308040181,-0.2096818425988147,-0.2430230918359556,-0.26390780284656007
-0.2513573817134892,-0.2317896604565514,-0.209080462841284,-0.242843287478564,-0.2638477532103872
-0.2513404513406475,-0.2316710565350333,-0.2090155451191983,-0.2409778474833445,-0.2635840666351451
-0.2512690263302213,-0.2313488600800388,-0.2082372203340208,-0.2405362454660356,-0.26347800312711306
-0.2509317415587643,-0.227939116921213,-0.2080496611483489,-0.2405036816857036,-0.2635415216807986
-0.2509040775940779,-0.226588213325396,-0.2060469127257659,-0.2386361292958116,-0.26317815444549075
-0.2502836257234155,-0.2234440313117865,-0.206015314028703,-0.237440342924046,-0.26308225364515153
-0.2502836257234155,-0.2225684609315785,-0.2059730962251879,-0.2361382114296821,-0.2629171220011668
-0.2502836257234155,-0.222117236847307,-0.2051931497273027,-0.2315799124239732,-0.2622354058671711
-0.2502836257234155,-0.2155158173033885,-0.2045361693681144,-0.230343914167069,-0.2621740405081016
-0.2502836257234155,-0.21333641118577,-0.2043837351079232,-0.2299963933825499,-0.2621665633736955
-0.2501116766242414,-0.2133012904586593,-0.2042161378198197,-0.2294342720632515,-0.2620772753988454
-0.2489609403451528,-0.2112570206871455,-0.2036700922710609,-0.2270481805691229,-0.26175399161122864
-0.2485707481585653,-0.2104999763248893,-0.2026353807411056,-0.2262708495724016,-0.2615940126323185
-0.2484715467551956,-0.2062462821178197,-0.2025352251202913,-0.2252789361959067,-0.26154842455049543
-0.2484680680926507,-0.2057728057801527,-0.2024085961367314,-0.2222914003362284,-0.26113131954660607
-0.2484245781974134,-0.2046419381316868,-0.2011694222548862,-0.2187642403723585,-0.2605801303630368
-0.2481322779556712,-0.2041577983918909,-0.2011408232998979,-0.2158893981770646,-0.26018561595025114
-0.2479689263114557,-0.2041261601226674,-0.2010457482542754,-0.2143468731104185,-0.2599632607934689
-0.2475059864290637,-0.2034492244642516,-0.2009703659144384,-0.2114713625492408,-0.2595701039239551
-0.246917378208883,-0.202218396714133,-0.200466980371916,-0.2111380034522715,-0.2595189437153812
-0.2457125573246772,-0.2012998750819275,-0.1999926091729666,-0.2108121544467279,-0.2594633867751484
-0.2452514692018149,-0.2002682064050247,-0.1995694555740677,-0.2099449943380836,-0.2593378180860815
-0.2450656848135841,-0.2000209152956969,-0.1991669683481959,-0.208688695349586,-0.2591404016276208
-0.2450386755781599,-0.1988295668494299,-0.1979614936405659,-0.2077231353498747,-0.25895290241176055
-0.2450386755781599,-0.1971521659297677,-0.1979318347599983,-0.2063995142808459,-0.25880452084930483
-0.2446635024840426,-0.1964552322807342,-0.1964337176599782,-0.2044777861079536,-0.25845155352505006
-0.2446225323044509,-0.1954308799707779,-0.1959212303106334,-0.2038525390828745,-0.2583538890826663
-0.2442632049811652,-0.1943845848274785,-0.1945636251703153,-0.2013079364154263,-0.2579309460642017
-0.2430088561429703,-0.1932149461118954,-0.1944055860874942,-0.2010758697132993,-0.25791547537861587
-0.2429552939985776,-0.1916235850171092,-0.1936880883244539,-0.1979355186741687,-0.2574641171190956
-0.2425976134185878,-0.1907344259768046,-0.1931287698261541,-0.1936482462883544,-0.25684546512000017
-0.2423309798866107,-0.1889290956523416,-0.1922219107199617,-0.1915008097721941,-0.2564930787597721
-0.2420310609770896,-0.1870789341760972,-0.1920699694923171,-0.1882093981992507,-0.2559733414754586
-0.2416861707647076,-0.1868452737703723,-0.1915161523643326,-0.1848409625995941,-0.25541028597632665
-0.2416861707647076,-0.18505490990691,-0.1893475876601447,-0.1847088554546896,-0.25528379295741227
-0.2416861707647076,-0.1849269765954318,-0.1888845500557361,-0.1842279936946448,-0.25518341313046106
-0.2397021426973134,-0.1837439511418911,-0.1885446137004323,-0.1841870037344002,-0.25516570715616377
-0.2397021426973134,-0.1836706946413555,-0.1878271423994861,-0.1835944787297042,-0.255033651541371
-0.2397021426973134,-0.1825623977694478,-0.1836631271908079,-0.1767734615318033,-0.2537343174954026
-0.2397021426973134,-0.1817426896242491,-0.1835063424963521,-0.1763270318125684,-0.2536598986806243
-0.2397021426973134,-0.1812073101775619,-0.1827818172140435,-0.1762805951537168,-0.2536169001446743
-0.2397021426973134,-0.1810919667834513,-0.1827518862511076,-0.1723360930526219,-0.25299236498767547
-0.239702109630179,-0.1808671819792276,-0.181476626478555,-0.1703970744728636,-0.25262795352725587
-0.2394376056216609,-0.1791105748704949,-0.1774227138526694,-0.1680825261491899,-0.2520630206701504
-0.2394376056216609,-0.1708033329690729,-0.176427831040519,-0.1672309010333126,-0.2519015040622336
-0.2385170827326589,-0.1696588943371369,-0.1763216750937568,-0.1633849648212424,-0.25128972643314534
-0.2385084191434313,-0.1681870353346043,-0.1761844097770941,-0.1569609771855387,-0.25028010545992463
-0.2384057258506629,-0.1663729019381812,-0.1759894357210546,-0.15336522791168,-0.24970881115372845
-0.2383918971750332,-0.1648297966270351,-0.1750319615555525,-0.152956408341392,-0.2495959422277177
-0.238008444070448,-0.1624691050945416,-0.1736283040121559,-0.151598505036276,-0.24931209362405787
-0.238008444070448,-0.1613659363503581,-0.1712711760927471,-0.1485821063627803,-0.24872098512593763
-0.238008444070448,-0.1613568379135485,-0.1712000725683057,-0.1484656282622848,-0.24869918056100185
-0.238008444070448,-0.160533331345675,-0.1711924619462393,-0.1467461115326728,-0.248442604312683
-0.2379760382786805,-0.1589283288523844,-0.1711546648488537,-0.1454086445559067,-0.24825462378878405
-0.2379760382786805,-0.1583418589581478,-0.1706988843048022,-0.1449288629254786,-0.24816534833520484
-0.2367095670289939,-0.1569357666282234,-0.1706335892629931,-0.1435908500205007,-0.2479758976747145
-0.2365276977894828,-0.1559869784232105,-0.1698997866433927,-0.1409249027920387,-0.24756674629666403
-0.2363954292516565,-0.1547878580841007,-0.1681045392997792,-0.1399257922824813,-0.2473388955648107
-0.2363954292516565,-0.1538244887671747,-0.166830617243824,-0.1395882696953647,-0.2472293869681425
-0.2363954292516565,-0.1530123367662731,-0.1662369011635973,-0.1394859955130127,-0.24718641027377092
-0.235305476979126,-0.1528389692977282,-0.1660746085690019,-0.1332416929867275,-0.2463032357558863
-0.2344412872603842,-0.1500001762171508,-0.1660319359297928,-0.1307133423998092,-0.2459494160577652
-0.2344114011842624,-0.1492639738879495,-0.16590015199069,-0.1301606327048083,-0.24586611272671233
-0.2344114011842624,-0.1482404686388441,-0.1649553954968773,-0.1288881845695301,-0.2456419158107085
-0.2342778099610578,-0.1469470644772494,-0.1647033252932255,-0.1247626896340694,-0.24505236694687688
-0.2330887158059996,-0.1457097607706656,-0.1620888309331069,-0.1232866552217767,-0.24471711084338135
-0.2330887158059996,-0.1443494230974947,-0.1618416473847643,-0.1232453177531696,-0.24470036742640966
-0.2328246019896681,-0.1422385903758617,-0.1607556839693179,-0.1219850728360197,-0.24447192228388617
-0.2328246019896681,-0.1418861615922501,-0.1591178772383882,-0.1208486869436106,-0.24423182150784173
-0.2327993122452357,-0.1405605734891384,-0.1585317869316985,-0.1189601065156827,-0.2439393156791745
-0.2327993122452357,-0.1405057536966331,-0.157302955593187,-0.115882755234513,-0.24344711714013656
-0.2327580444614339,-0.1398624768618493,-0.1569515169133037,-0.1153285500694829,-0.24335263300100088
-0.2326588430580642,-0.1398511174265617,-0.1554979427688058,-0.1148776130018801,-0.24320637956413543
-0.232371158988292,-0.1391323283375607,-0.1541068861802974,-0.1140042733212524,-0.2429850679633816
-0.232264676201915,-0.1384071610636176,-0.1533333162399807,-0.1131994727313012,-0.2428089693835464
-0.2322418400388593,-0.1372946986582663,-0.1530684000993825,-0.1126573309138651,-0.24269522456273487
-0.2303887445970594,-0.1366333422534363,-0.1530371057804428,-0.1123045970757746,-0.2426301802837119
-0.2303102233795788,-0.1359884913458287,-0.152494149581826,-0.110929020080367,-0.24238255013243387
-0.2300134723015387,-0.1335297487579112,-0.1508456837191512,-0.1069959324516584,-0.24165957348561357
-0.2298412851189964,-0.1319056573875631,-0.1500953007641562,-0.0992991621190797,-0.2404343413590791
-0.2282125369576305,-0.1314934660342211,-0.1487098903691697,-0.0975765985830452,-0.2400903631374421
-0.2281286456375142,-0.1311458382395096,-0.1481280342870966,-0.0969885027540648,-0.23996355823917911
-0.2281286456375142,-0.130700751307419,-0.1458490848884296,-0.0967177501080244,-0.2397867736789299
-0.227790038180679,-0.1294266101823418,-0.1450966995447408,-0.0954967987955421,-0.2395408041750573
-0.2264752889146858,-0.1282214377595141,-0.1444668367974202,-0.0939807183987814,-0.23925845804375653
-0.2264752889146858,-0.1256348518051252,-0.1444397327499099,-0.0928499555133185,-0.2390468877060982
-0.225152603536423,-0.1228313485947033,-0.1437567896185788,-0.0912933562234942,-0.23885302413701706
-0.2249608141565749,-0.1207769878898142,-0.1430011781213633,-0.0909807771878534,-0.23882216475916185
-0.2249608141565749,-0.1176808585341035,-0.1425774395793828,-0.0870242634151656,-0.23846872591081456
-0.2248219321918573,-0.1140036924441845,-0.1409587282530546,-0.0854266906813015,-0.23830840259350838
-0.2246235293851179,-0.1062881807888757,-0.1392993008610378,-0.084774886411188,-0.2382751657608044
-0.2244912608472916,-0.105785477844792,-0.1390650451240117,-0.082156983139434,-0.2380275293331388
-0.2239900159963452,-0.1045859652790434,-0.1376592256647457,-0.0800312068913019,-0.23779948499323883
-0.2218458900907661,-0.1022816378440366,-0.1365442737093423,-0.080017100050153,-0.23778884375538148
-0.2209290442671157,-0.1016024312782834,-0.1361089474002899,-0.0787518825153152,-0.23766423063511358
-0.2205371061358289,-0.0995232304164089,-0.134794282148301,-0.0783267010883028,-0.2376070869004412
-0.219861862023372,-0.0987024936716437,-0.1304226051317581,-0.0738750064749526,-0.2370722794757063
-0.219861862023372,-0.0981922263692927,-0.1300605933085361,-0.073267962310253,-0.23700992122112827
-0.219861862023372,-0.0978014824160513,-0.1298724866509447,-0.0691294607981783,-0.23661970167741908
-0.219861862023372,-0.0956846032859977,-0.1295093572432857,-0.0636116261657963,-0.2361118004577314
-0.219861862023372,-0.0954682441748282,-0.128884014248205,-0.0615681228081263,-0.23590415403084516
-0.219861862023372,-0.0946508887494388,-0.1278049073046002,-0.0609366401485609,-0.23582203742783273
-0.219861862023372,-0.0926039310318547,-0.1270416847757479,-0.059114960790736,-0.23564916157288845
-0.219861862023372,-0.0915447227148842,-0.1252745570796404,-0.0590642079917858,-0.2356043136605672
-0.219861862023372,-0.0910807113373335,-0.1227928683440148,-0.0571035268649234,-0.23535389504806725
-0.219861862023372,-0.0906974483958933,-0.1206604785965703,-0.0513025755145413,-0.2347519961923814
-0.219861862023372,-0.0896249995041157,-0.1200552668518189,-0.0488554231619605,-0.2345153735526438
-0.2197432171449418,-0.0872776701247323,-0.1198286364595903,-0.0468091752997826,-0.23432590532988806
-0.2190682507964143,-0.0855900806258365,-0.1178898969183264,-0.0464450589297121,-0.23425650301675435
-0.2189297325701757,-0.0842772412642141,-0.115494660549616,-0.0450078927015654,-0.2340664984877213
-0.2187375794518486,-0.0813190695933848,-0.1143224063851681,-0.0445841008949271,-0.234016731227165
-0.2185391766451092,-0.0808163056486222,-0.1137312688246435,-0.0394828538745029,-0.2334940192397418
-0.2185391766451092,-0.0797237249335643,-0.113726852591371,-0.0387360291874414,-0.233426008026621
-0.2185391766451092,-0.0790501752763527,-0.1134366550491687,-0.0320178275968057,-0.23274218072373826
-0.2185391766451092,-0.0751014028858988,-0.1132313158585444,-0.0310248545782339,-0.2326685329335918
-0.2178778339559778,-0.07485338481427,-0.1098011352789416,-0.0301738469769092,-0.23246840798306642
-0.2178778339559778,-0.0704759623149547,-0.1096621818738887,-0.0295617696570598,-0.2324428926014159
-0.2166874171155413,-0.0646052762962789,-0.1091311357693258,-0.0281898770078677,-0.23233754541313587
-0.2158011319375557,-0.0628342199390387,-0.1060507821307322,-0.0279226192277019,-0.2322281742982071
-0.2158011319375557,-0.0607619145878337,-0.1056759284769394,-0.0263608763355208,-0.23206749625805542
-0.2139935500996218,-0.0560606688069488,-0.1056232521830948,-0.026101607119647,-0.2320865942408378
-0.2135791064766238,-0.0538663003423091,-0.1024541919605874,-0.02267698472579,-0.23163452402189658
-0.2132484351320581,-0.0519204113243694,-0.1010265326088428,-0.0195537756341382,-0.23126852997169572
-0.2132484351320581,-0.0502055384382191,-0.0990625983900336,-0.0162810716030196,-0.23081188143405884
-0.2132484351320581,-0.0488227942430207,-0.097348162850653,-0.0105300348014134,-0.23008718847643497
-0.2126697602790682,-0.0467190565154646,-0.0955123902070541,-0.0070170682159791,-0.22958648633342318
-0.2126697602790682,-0.0466837240724008,-0.094921467175613,-0.0001364321174584,-0.22882374596662217
-0.2124324043879389,-0.039790227362909,-0.092005510671429,0.0024247683022204,-0.22832996307684283
-0.2124324043879389,-0.0360011165138978,-0.0916665124831691,0.0045222461856487,-0.2280700782867721
-0.2119257497537953,-0.0232400367923207,-0.0899488290746065,0.0058252940346528,-0.2277621195379608
-0.2116942798125994,-0.0174625842737285,-0.0891718061099563,0.0110599639179444,-0.22713448263362843
-0.2116942798125994,-0.0133979855720206,-0.0891323663368783,0.011929571136278,-0.22702236347461438
-0.2113900621755989,-0.0131324915101458,-0.0878627276891865,0.0124524802089624,-0.2268817967406261
-0.2110672872627415,-0.0118690598403672,-0.0870111481952174,0.0140107972026203,-0.22665574436410194
-0.2099417216864012,-0.0103307850034626,-0.0857941274288251,0.0151750462350737,-0.2264455957534384
-0.2098673206338739,-0.0100625747628923,-0.0855541934568512,0.0198674976387903,-0.22593517848330674
-0.2083544992324859,-0.0086382140037075,-0.0849800153025705,0.0264904579139538,-0.22519445850940292
-0.2072963509298757,-0.0058656114788569,-0.0822384028443146,0.0433803532100899,-0.22322436787149746
-0.2066416216676356,-0.0046554262715189,-0.0801076812731355,0.0436899465561941,-0.22304476919108868
-0.2066350082407443,-0.0025619237447957,-0.076139994357769,0.0501440265487471,-0.222093193134616
-0.2057355821835256,-0.0022701806234527,-0.0760640597391673,0.0525558283457458,-0.22183331747066357
-0.2055881027638493,0.0047946328791175,-0.0751779691260707,0.0623677355536661,-0.22014532506596168
-0.2033282947950874,0.0105250462424512,-0.0723663829596409,0.0657885084695666,-0.21915944405056167
-0.2021744171382254,0.0110113322324883,-0.0716998799927729,0.0693778688212717,-0.21826369811977964
-0.2021744171382254,0.0115718594216147,-0.0683825144171766,0.0717383272133083,-0.2173028377756404
-0.2006829240385619,0.0120142543447701,-0.0667171739951088,0.0760596408531584,-0.21610669343605454
-0.2003522526939962,0.0132428558401645,-0.0618767491859536,0.0837730373643687,-0.21373868431848989
-0.2000215813494305,0.0148547025426116,-0.0601456136944767,0.0854868664822726,-0.2131654569501631
-0.1975321221318677,0.0177318604187337,-0.0596114985404994,0.0873392516696237,-0.21275503591490463
-0.1934081544581166,0.0190256191849327,-0.0582855655142041,0.0883261815861811,-0.21239233987565648
-0.1926809949445629,0.0274236565549572,-0.051419525463869,0.0883470657801813,-0.21172991199231203
-0.1902613536746917,0.0287824640894734,-0.0509468888271498,0.0891584816353752,-0.2115216092379027
-0.1881174129450656,0.030996332627845,-0.0493419108772301,0.0918085824554309,-0.21076811614285823
-0.1881174129450656,0.0386500432385202,-0.0488122721064247,0.0932476994216507,-0.2105927766595225
-0.1875222045248473,0.0404568737066813,-0.0476610034106463,0.0976016198220863,-0.20949674603339002
-0.1874560702559342,0.0412536481512287,-0.0465974990163806,0.0980128503573052,-0.20928591978754538
-0.1873958880712233,0.0443974321905087,-0.0445195646878793,0.1007414072169654,-0.2084794395825826
-0.1872675875895318,0.0466847937441624,-0.0444673275075778,0.1008520498981122,-0.20851417403596217
-0.187109487006268,0.0517095571177822,-0.043997291312269,0.1021803432214894,-0.2083237023685306
-0.1870328109348901,0.0557021138793883,-0.0411258021414206,0.1050573616786593,-0.20742278266674494
-0.186966676665977,0.059773415537436,-0.0374339120784915,0.1057954507317774,-0.20691521131448914
-0.1869269961046291,0.0620997503203026,-0.0349751060584258,0.1081965595658184,-0.2061174639976211
-0.1869269961046291,0.0648288928719584,-0.0333681976161369,0.108771237544377,-0.20587324696678935
-0.1868752460392046,0.0662344153782136,-0.0269712379907695,0.1092806879192789,-0.20496189829562908
-0.1868740886894986,0.0662616959774466,-0.0263817946985407,0.1212332516481036,-0.20191032072448092
-0.1868476349819333,0.0706653805328691,-0.0226498288945163,0.1229681612994193,-0.20105286643149356
-0.1867947341802297,0.0725279633749677,-0.0219140731825285,0.1337449272290383,-0.1983654055436128
-0.1867947275668028,0.0730403525204147,-0.0210757763803949,0.133785170383315,-0.19825123240348005
-0.1867947275668028,0.0738014517933807,-0.0201542476677304,0.135491789582014,-0.19772503428391788
-0.1867947275668028,0.077039499001455,-0.0194438551690335,0.1418040831096012,-0.1961945948487775
-0.1867947275668028,0.080845367877858,-0.015508757778269,0.1438741032301203,-0.1952344832254105
-0.1867947275668028,0.0835444310011275,-0.012971435231299,0.1480013939639468,-0.19397442129544587
-0.1867947275668028,0.0892032779572524,-0.0118034628762843,0.1483275478037537,-0.19382360951351602
-0.1867947275668028,0.0910277549732118,-0.0111846658551184,0.1609079571764339,-0.19079691240610958
-0.1867947275668028,0.0913393563708022,-0.0005102487016732,0.1624501239172162,-0.1889725382101398
-0.1867947275668028,0.092857367020078,-0.0002506256732934,0.1626900967554956,-0.18891465959450895
-0.1867947275668028,0.1004048389090224,0.0010467669434245,0.1659065601759197,-0.18812990845291813
-0.1867947275668028,0.1043997698092601,0.0068729867254879,0.1715960405971527,-0.1860370578197207
-0.1867947275668028,0.1060030961999222,0.0093904442710266,0.1809283828852763,-0.18344443002281194
-0.1867947275668028,0.1060812461497517,0.0141912502222016,0.1830299561334866,-0.1822772214169465
-0.1867947275668028,0.10780902542045,0.026670387910724,0.1835264213477337,-0.18049733731475726
-0.1867947275668028,0.1086311611079631,0.0286116558210891,0.1866806343615133,-0.17947926826718333
-0.1867947275668028,0.1097011453336102,0.0289646469685176,0.190795986016163,-0.17844777510884466
-0.1867947275668028,0.1108339768176772,0.0327352313548524,0.1957544520110806,-0.1767456364317658
-0.1867947275668028,0.1134952087030068,0.0407495378910694,0.1964027095322838,-0.175558917595802
-0.1867947275668028,0.1153560019049674,0.0419879765575147,0.1994036035212994,-0.17469900424570037
-0.1867947275668028,0.116947712657038,0.0427081746348605,0.2065600164247196,-0.172884364464686
-0.1867947275668028,0.1234009449389183,0.0457488052309837,0.2109702829067015,-0.17154332803001693
-0.1867947275668028,0.1286258045451619,0.0463893486420507,0.2204495118650436,-0.16925693648974954
-0.1867947275668028,0.1305888124804889,0.0466120873346024,0.2231731201194134,-0.16860577936846044
-0.1867947275668028,0.1326817785496023,0.0475613093270474,0.2260153089115059,-0.16782971984842035
-0.1867947275668028,0.1357140280299322,0.0479422724797212,0.2267046027911481,-0.16768137586264736
-0.1867947275668028,0.1403613218713722,0.0494980583293094,0.2316130160458261,-0.16628194990920708
-0.1867947275668028,0.1422223516914812,0.0510616832836255,0.2440162905146908,-0.16298295132656146
-0.1867947275668028,0.1438674225113969,0.060252296319062,0.2477735943078249,-0.16074695878096226
-0.1867947275668028,0.1458041032263792,0.0620097886217318,0.2502593495097388,-0.1598894310040127
-0.1847156645549805,0.1573457619553701,0.0718821272415269,0.2516425744312131,-0.15820791249526853
-0.1794667397401632,0.162705352651618,0.0726184140556207,0.2552982467939804,-0.15722583428020198
-0.1794207565829879,0.1761386802195371,0.0826626079790285,0.2600851607342625,-0.15492971831968283
-0.1783427679997038,0.1779498648308876,0.084189036278057,0.2668832847825547,-0.15290473344047323
-0.1746585006262486,0.1812046113789996,0.0856388309553997,0.2680218492388969,-0.15241039087262687
-0.1739259511697785,0.1836459871238366,0.0901262374508353,0.2695854899392479,-0.15137021940752438
-0.1732075875139902,0.1901702956745978,0.0913103853133812,0.2765293322672303,-0.1492996769378082
-0.1690310629367339,0.1937118370918366,0.0918741022649682,0.2867657195010039,-0.14635939891785343
-0.1687184594744353,0.1937419106826827,0.1013526522385574,0.2890995106349598,-0.14458168116487413
-0.1677910453946126,0.1979513166136422,0.1033675025016104,0.2976924318497369,-0.14155722780175994
-0.167268690485029,0.2021899662574413,0.1106100854111054,0.300999396221993,-0.1387552845395379
-0.1660205450412583,0.2024929622537969,0.1146695453072944,0.3018890288140843,-0.137634146273751
-0.1600750279719789,0.2048170512041468,0.1216538827689041,0.3099570866159941,-0.1333458348455937
-0.1590420106915556,0.2091952020783918,0.1235178400560559,0.3110108859094008,-0.13228421537545193
-0.1588981488163889,0.2121671737643528,0.1266897370476747,0.3152246002398665,-0.1299775575163296
-0.1569363881573378,0.2137156637468416,0.1286213877462951,0.3292213010979771,-0.12346692160582617
-0.1565794086005985,0.2174641671961159,0.1303000679660806,0.3488540047803116,-0.11305046501849506
-0.1560601818419345,0.2174937226068005,0.1330281490011781,0.3604348829117195,-0.10684121994650522
-0.1537870544314135,0.2199534574636966,0.1375565435098424,0.3610424594270529,-0.10509162514671677
-0.1537754081866579,0.2273300609870762,0.1436659499246111,0.3618085941794308,-0.10235790869256128
-0.1537275931102337,0.2276911802322463,0.1454070054715678,0.3632889496717271,-0.10118034303096679
-0.1537275931102337,0.2298478576681826,0.1458843282018583,0.3637849858663743,-0.10055872906784641
-0.1537275931102337,0.2336237523000698,0.1459125661526333,0.3707078718326517,-0.09671520814751608
-0.1537275931102337,0.2346075266897736,0.1467588774166849,0.3713250023703488,-0.09609254904013095
-0.1334243725539003,0.2362409342003854,0.1514444299045073,0.3726501720484386,-0.09391829885420894
-0.1218025379569524,0.2407131492183257,0.1541832959395257,0.3764787524582065,-0.09049556954291749
-0.1206604586536646,0.2477736532723068,0.1633020490728236,0.3881090773669571,-0.08102640396954897
-0.1118231016344742,0.2497276977644608,0.1674186629887644,0.3893291039604775,-0.07899010228473896
-0.0982163064769406,0.250245866729559,0.1776957759544916,0.3964074198929661,-0.07190176861344016
-0.0890324191154991,0.2646906673681211,0.1867178635833035,0.400724827244309,-0.06445535913694428
-0.0812179806738689,0.2654404717446765,0.1889741797669415,0.4050810867388427,-0.0610457383536025
-0.0725279377386826,0.2663723275456156,0.202813438300994,0.4069480636346283,-0.0552567596211474
-0.067415758751697,0.2675197053502122,0.2145177704422222,0.4440844742444608,-0.029374347668899264
-0.0663586619839625,0.2682369265433655,0.2149395720217645,0.4536806916634641,-0.023488607891361146
-0.062047309472673,0.2762902417349178,0.2151417157758227,0.457887143034568,-0.019870051848035586
-0.0584942458753146,0.2764727179440964,0.2170183314879793,0.4793921719493432,-0.006563098157131908
-0.0545261897405263,0.2791244999121706,0.226886522842732,0.4810576437039047,-0.0019731787488098396
-0.0415440327528773,0.2849648183041651,0.2366295235381215,0.4833505625651557,0.003370486001914391
-0.0308792205479446,0.2934343636452589,0.2377494747749685,0.488707104022368,0.008024602844999396
-0.0307178529317966,0.2957722956864084,0.2460811584106948,0.490765939414359,0.012167892910932954
-0.0214590552839572,0.2994717560053731,0.2467480801299423,0.4928250968918412,0.014082256755233724
-0.0166081066591785,0.3011045066716369,0.2503996559807115,0.4937855852104967,0.016017385629067266
-0.0102162295687237,0.3061451321805198,0.2717376301473786,0.5112422940771493,0.0352565051610407
-0.0040652796199194,0.3196603399419848,0.2718401202264653,0.5138279324201571,0.03938963204159379
-0.003900406887519,0.3246007371931699,0.2915023294762955,0.5187297605790906,0.053013945572993215
0.0021084932650866,0.3302746697703247,0.2918774980449261,0.5207273807999224,0.05598403065175389
0.0028767023193547,0.3417673516742043,0.2932106819963706,0.5211296470866629,0.05974498991586133
0.0116080791726118,0.348012680332646,0.2963151694470865,0.5315207864925992,0.0699939010125461
0.0152613361873736,0.352064935554412,0.2968154559249606,0.5321082822310245,0.07164392561527655
0.0211245888395519,0.3779738096570499,0.3066590639739599,0.5329992159110646,0.08342967245010968
0.0380617867378671,0.3969228282828926,0.3082624617016681,0.5351930974598476,0.09034843997290942
0.0523701077663238,0.4128510282015708,0.3174513598159281,0.536883399663079,0.09990240785095023
0.069290388518651,0.4263510277063672,0.3253788188300496,0.543676428380932,0.11174796823232269
0.0705667732952477,0.4451106284320334,0.3266648631053863,0.5481095079301983,0.12002462481825593
0.1253590217032096,0.4557867314874966,0.3290322646146363,0.551430728509738,0.12619126640638434
0.1347575610612625,0.4577482316093298,0.331436909438272,0.5571472157960115,0.13179999817774385
0.1418132278087984,0.4731755825023283,0.3377161192284718,0.5933965464713981,0.16361802946157
0.1438766169988883,0.4754737804125324,0.3448454154260509,0.5953784588175655,0.16914252525571122
0.1514820579238992,0.4885607593019998,0.3458766468547858,0.5971324082638978,0.1741819611719867
0.1565677832033195,0.4904840884172525,0.3510407164726273,0.5972798703884955,0.17771657053655532
0.157103470781516,0.4930873975280119,0.3520302680497474,0.6061266213516399,0.18456323632550287
0.1793047448556565,0.4944255347277985,0.3584965220852478,0.6287440137448642,0.2025013068724657
0.1997600742304901,0.4955783434203993,0.3753650763073924,0.6302756550323902,0.21303906432685815
0.2259737540801521,0.4969379904625626,0.3791928830103945,0.6331877385788932,0.21755157024079175
0.2640346475017909,0.4995204973603181,0.3849960136494968,0.6547682704014989,0.2376862809098329
0.2663780491864591,0.5090335479564617,0.3997563115191508,0.65661515211632,0.25115663785878134
0.2722038764558595,0.5389352306660666,0.407170831295383,0.6879039365387837,0.28937262041582545
0.3324564015752312,0.5467828414005148,0.417042101292972,0.7031963086170683,0.30922680064707325
0.342279423738303,0.5518759675228339,0.4204917749821699,0.7175757280890545,0.32368590800988706
0.342279423738303,0.5563362455157138,0.4239145016865732,0.7464861751199953,0.34852590560260643
0.342279423738303,0.5648397084007197,0.4462393467726581,0.7568819098182509,0.37103835944322683
0.3641047774010875,0.5697400303624096,0.4509247091209672,0.7749449405389975,0.38756638694276546
0.4086886789415822,0.5709892125623869,0.4517389532049664,0.7919503697007724,0.399901258351246
0.4158941530350601,0.58323735332247,0.4556092363439661,0.8240637213028902,0.42816465505235446
0.4190320521458894,0.6157773568028331,0.4560463696779684,0.8357205816760971,0.4492707107459837
0.487114980519407,0.6217773999403514,0.4591884627688032,0.8481008043691652,0.46221080372342216
0.5185580028268612,0.6635748370156616,0.473429929155944,0.8612055484518326,0.49680810188425484
0.5217545894879239,0.6751676172170153,0.4812689635405707,0.864009465068672,0.50804127146808
0.5246227798232714,0.6799390121494568,0.4892658851974706,0.8778013258298946,0.5242304180232877
0.5406822304777178,0.7470121670299922,0.5080165932888056,0.889872363124457,0.5746852211533514
0.5539090842603455,0.7575930777774266,0.5266348516447484,0.923188506437447,0.6129600082380332
0.5856105262235776,0.7787146795482978,0.5524648182267653,0.9331096154809302,0.6453910988645959
0.6104843059447786,0.8196373886866596,0.57703693299379,0.94095349126435,0.6853281900536182
0.6699707581467683,0.8403685617370541,0.5868230567569978,0.9424145237988386,0.7022993334091547
0.6729507683039943,0.8561109525670696,0.5926349643307852,0.9899380257196648,0.7446397293755435
0.6729507683039943,0.86330173905103,0.5951099091356643,1.0001455140216875,0.756330049843159
0.7973162609951508,0.8669290217833273,0.6004567446698019,1.0026596322723285,0.7629829499794067
0.8254061303733172,0.8694990527013065,0.626234182667697,1.0116958324274403,0.785739302180116
0.8697002183205806,0.8823686220427748,0.6375617203324133,1.030631912938245,0.8104474610863305
0.9374878439565474,0.8897639716233994,0.6471254223148816,1.0511038779220907,0.832252088040179
0.9828653434971456,0.8930811570682234,0.6520761271503843,1.0574298656666905,0.8406917317710759
0.9937019725327148,0.9017099140606788,0.6741482195001767,1.129049823647421,0.9014654681486759
1.0036221128696856,0.9027826100939716,0.6796294732655935,1.1389764548187398,0.9112519788089158
1.0036221128696856,0.9220483890301848,0.6894326551513587,1.1484687009210128,0.9324952805206411
1.0036221128696856,0.9573360336969858,0.7165247305548571,1.165867057073068,0.9768774126085865
1.0036221128696856,0.9949038446172572,0.7245040283816473,1.1659538261877145,1.0001539074806334
1.0036221128696856,1.0321397833392754,0.733429676238314,1.2733925124206025,1.0853563528540544
1.0036221128696856,1.0498087903172575,0.7374453085734356,1.320752992723506,1.123330280405416
1.0036221128696856,1.062252170824789,0.7386716824728172,1.3215872493639718,1.1299963094195977
1.0036221128696856,1.0624590551524933,0.7455290198003016,1.3301696668264196,1.1387603263670796
1.032009890675598,1.0930487811688745,0.7667518836396139,1.3318144847677382,1.1649440322139903
1.0472707303523567,1.0957171606969358,0.7744648458930086,1.355236336147232,1.1845742569541238
1.1138622449873337,1.109330645171868,0.7757316548688583,1.3698120043861504,1.1998701478933267
1.1615418189079565,1.1212461814610868,0.7982169352969567,1.393160538594882,1.2337093360231637
1.1689577851525312,1.1237671201044708,0.800331052810812,1.3962780703064364,1.2380806089656602
1.265070718163995,1.13052066926128,0.817327305957518,1.4206632300608415,1.266917526348184
1.2681591885222383,1.137818584412732,0.8686363726111899,1.431309959472437,1.3115177865941554
1.2945196467683264,1.1500284293664254,0.8987718028971196,1.4752815685573006,1.361236901716731
1.3342934574353769,1.1514327200317265,0.92311541401304,1.502932402322201,1.3926575358931217
1.5326962641747914,1.1904623645484282,0.9695017345837668,1.5052527881042463,1.4426018808528656
1.6213161845183968,1.2575782706964571,0.9706244378971997,1.5590816410640065,1.5031362920748945
1.664964802001068,1.27615223707523,1.004223535873375,1.5993188661926936,1.5546833201818395
1.664964802001068,1.3189652128850282,1.05083849904569,1.614768367161587,1.6151070725169019
1.664964802001068,1.3415937323416738,1.067136227283466,1.616672017069792,1.6385200785498073
1.664964802001068,1.394510105207094,1.0706229905654137,1.643306201176009,1.6798736966066166
1.664964802001068,1.431048868164024,1.159661265498514,1.6843904537023675,1.7650649907285167
1.664964802001068,1.4905732574970534,1.159810610436912,1.7002174370671692,1.7901034345234668
1.664964802001068,1.50052015331165,1.1656542793129492,1.781438479420951,1.8389625274152648
1.664964802001068,1.5061781362059354,1.1853729933297206,1.7828297864520564,1.8495576619795981
1.664964802001068,1.5798571891035111,1.194391979812715,1.7962620894781158,1.8813922339517144
1.664964802001068,1.5825495441991224,1.2109574734403608,1.8272749116378644,1.9057321785048562
1.664964802001068,1.6136998716774735,1.2369067165103913,1.8564250912504343,1.9410503100212706
1.695904562362374,1.6351247364667882,1.2481669936701951,1.889461523220065,1.96955916161503
1.7310990709142062,1.6353798958927717,1.3090679139976336,1.90295324995586,2.0023247699249977
1.784006486044717,1.6357170769230265,1.338731284592907,1.9125142650465916,2.018675996625325
1.9956361465667591,1.772705605062187,1.3585587436575974,1.9204623284799576,2.0634691506904317
1.9956361465667591,1.866526927126851,1.4075330266539396,1.9456332088870592,2.118912827524492
2.046320015148153,1.8995144818583067,1.4860248619026275,1.9845555105649435,2.1786884286341293
2.109047158955144,1.9381002554411668,1.490234708462117,2.033646530969361,2.2183275454259066
2.2601732222193123,2.0371934835054923,1.590052688487104,2.0364090720631176,2.280683395958709
2.306245217558048,2.103387578491167,1.6227416178251304,2.062647679516573,2.324086082456861
2.394095116768417,2.3068130269349245,1.6323028701052809,2.1036535741941598,2.397859745657207
2.595844919336684,2.3174100579024066,1.6532527588228527,2.13759090489113,2.428240273012387
2.9109344283245924,2.4113197890771905,1.6880105487017512,2.201780320020829,2.4998130205040536
2.9876501802638327,2.5226859009370632,1.7083182577434597,2.2428732664293105,2.5554984424708445
2.9876501802638327,2.5643234107058466,1.851177875989603,2.362133284370644,2.6808708286346037
2.9876501802638327,2.610081173511644,1.8907048011249308,2.424212341083845,2.7390047149663146
2.9876501802638327,2.6274231822736955,1.920421313178656,2.4731659516463,2.781642177448435
2.9876501802638327,2.690311150611364,1.9775447236474275,2.571244385638832,2.8707142082112367
2.9876501802638327,2.7028879640048715,2.021623809586823,2.5915232918662663,2.8956801365214533
2.9876501802638327,2.775445028850562,2.246011628911428,2.651536005151015,2.9862897084253883
2.9876501802638327,2.8397074311972537,2.4185805490153798,2.66547390604408,3.0365540430401294
2.9876501802638327,2.8446746920542005,2.445415130107003,2.8882000555310725,3.190527804989652
2.9876501802638327,2.870165959910866,2.6050221292339044,2.9877958845958905,3.2888550817661804
2.9876501802638327,2.91704960764808,2.6266489043445804,3.023851856537313,3.3249665499057377
2.9876501802638327,3.1033211403759986,3.390755202753484,3.6261095987123535,3.959058376182153
2.9876501802638327,3.365584790847722,3.497207239821838,3.640496761845142,4.009481790092722
2.9876501802638327,3.465685282097928,3.599263219742965,3.9448986693178143,4.267703027472955
4.310335558526598,3.8417813715916256,3.9115130907417663,4.6409641327838,4.897748964205747
4.310335558526598,3.9507857159902895,4.185550348749647,4.726734288981706,5.0538141188678445
5.037812516571118,4.0253755212698055,4.349550740253414,4.961835382739688,5.287919366312253
6.294363625920745,4.295213554775367,5.323790289293898,6.052288166829972,6.408245566933239
6.294363625920745,4.509357953404963,5.379005023754858,6.167934920704257,6.520259568756577
6.294363625920745,4.5520721733904015,5.416763515856983,6.473823618788464,6.749283634716105
6.294363625920745,5.299890219680097,6.904528788818936,7.189726328149413,7.801994370901433
9.601077071577658,6.838742443382407,9.149427860180117,7.203205138999817,8.61256587390397
9.601077071577658,8.083294114777443,9.355220942528062,8.338293334626993,9.45230558634015
9.601077071577658,12.731787471897606,11.63638296239049,8.511826145949017,10.140173473892084
9.601077071577658,13.407969570178352,13.854633087632353,9.539481988828932,11.63001439664561
